S.No,Category,Context,English,Tamil,Source,File Location
1,Common UI,Loading state,Loading...,ஏற்றுகிறது...,Frontend,src/core/i18n/translations.ts
2,Common UI,Error message,Error,பிழை,Frontend,src/core/i18n/translations.ts
3,Common UI,Success message,Success,வெற்றி,Frontend,src/core/i18n/translations.ts
4,Common UI,Submit button,Submit,சமர்ப்பிக்கவும்,Frontend,src/core/i18n/translations.ts
5,Common UI,Cancel button,Cancel,ரத்து செய்,Frontend,src/core/i18n/translations.ts
6,Common UI,Save button,Save,சேமி,Frontend,src/core/i18n/translations.ts
7,Common UI,Delete button,Delete,நீக்கு,Frontend,src/core/i18n/translations.ts
8,Common UI,Edit button,Edit,திருத்து,Frontend,src/core/i18n/translations.ts
9,Common UI,Close button,Close,மூடு,Frontend,src/core/i18n/translations.ts
10,Common UI,Back button,Back,பின்செல்,Frontend,src/core/i18n/translations.ts
11,Common UI,Next button,Next,அடுத்து,Frontend,src/core/i18n/translations.ts
12,Common UI,Finish button,Finish,முடி,Frontend,src/core/i18n/translations.ts
13,Common UI,Yes option,Yes,ஆம்,Frontend/Backend,src/core/i18n/translations.ts
14,Common UI,No option,No,இல்லை,Frontend/Backend,src/core/i18n/translations.ts
15,Common UI,Optional field,Optional,விருப்பமானது,Frontend,src/core/i18n/translations.ts
16,Common UI,Required field,Required,தேவையானது,Frontend,src/core/i18n/translations.ts
17,Common UI,Search placeholder,Search,தேடு,Frontend,src/core/i18n/translations.ts
18,Common UI,Filter button,Filter,வடிகட்டு,Frontend,src/core/i18n/translations.ts
19,Common UI,Clear button,Clear,அழி,Frontend,src/core/i18n/translations.ts
20,Common UI,Apply button,Apply,பயன்படுத்து,Frontend,src/core/i18n/translations.ts
21,Common UI,Reset button,Reset,மீட்டமை,Frontend,src/core/i18n/translations.ts
22,Navigation,Home link,Home,முகப்பு,Frontend,src/core/i18n/translations.ts
23,Navigation,Surveys link,Surveys,கணக்கெடுப்புகள்,Frontend,src/core/i18n/translations.ts
24,Navigation,Profile link,Profile,சுயவிவரம்,Frontend,src/core/i18n/translations.ts
25,Navigation,Settings link,Settings,அமைப்புகள்,Frontend,src/core/i18n/translations.ts
26,Navigation,Logout action,Logout,வெளியேறு,Frontend,src/core/i18n/translations.ts
27,Navigation,Login action,Login,உள்நுழை,Frontend,src/core/i18n/translations.ts
28,Navigation,Signup action,Sign Up,பதிவு செய்,Frontend,src/core/i18n/translations.ts
29,Survey Board,Page title,Available Surveys,கிடைக்கும் கணக்கெடுப்புகள்,Frontend,src/core/i18n/translations.ts
30,Survey Board,Welcome message,Welcome,வருக,Frontend,src/core/i18n/translations.ts
31,Survey Board,Welcome back message,Welcome back,மீண்டும் வரவேற்கிறோம்,Frontend,src/core/i18n/translations.ts
32,Survey Board,Verify profile prompt,Verify/update your profile,உங்கள் சுயவிவரத்தை சரிபார்க்கவும்/புதுப்பிக்கவும்,Frontend,src/core/i18n/translations.ts
33,Survey Board,Start message,Start seeing if you pre-qualify for a study by filling out the survey at the link(s) below.,கீழே உள்ள இணைப்பு(களில்) உள்ள கணக்கெடுப்பை நிரப்புவதன் மூலம் நீங்கள் ஒரு ஆய்வுக்கு முன்-தகுதி பெறுகிறீர்களா என்பதைப் பார்க்கத் தொடங்குங்கள்.,Frontend,src/core/i18n/translations.ts
34,Survey Board,No surveys message,No Surveys Available Yet,இன்னும் கணக்கெடுப்புகள் இல்லை,Frontend,src/core/i18n/translations.ts
35,Survey Board,No surveys for industry,No Surveys Available for Selected Industry,தேர்ந்தெடுக்கப்பட்ட துறைக்கு கணக்கெடுப்புகள் இல்லை,Frontend,src/core/i18n/translations.ts
36,Survey Board,Filter prompt,Filter by Industry,துறை வாரியாக வடிகட்டு,Frontend,src/core/i18n/translations.ts
37,Survey Board,All industries filter,All Industries,அனைத்து துறைகள்,Frontend,src/core/i18n/translations.ts
38,Survey Board,Available status,Available,சமர்ப்பிக்க,Frontend,src/core/i18n/translations.ts
39,Survey Board,Draft status,Draft Saved,வரைவு சேமிக்கப்பட்டது,Frontend,src/core/i18n/translations.ts
40,Survey Board,Submitted status,Submitted,சமர்ப்பிக்கப்பட்டது,Frontend,src/core/i18n/translations.ts
41,Survey Board,Approved status,Approved,அங்கீகரிக்கப்பட்டது,Frontend,src/core/i18n/translations.ts
42,Survey Board,Declined status,Declined,நிராகரிக்கப்பட்டது,Frontend,src/core/i18n/translations.ts
43,Survey Board,Completed status,Completed,முடிக்கப்பட்டது,Frontend,src/core/i18n/translations.ts
44,Survey Board,Minutes label,min,நிமிடம்,Frontend,src/core/i18n/translations.ts
45,Survey Board,Resume button,Resume,தொடர்,Frontend,src/core/i18n/translations.ts
46,Survey Board,Start button,Start,தொடங்கு,Frontend,src/core/i18n/translations.ts
47,Survey Detail,Question label,Question,கேள்வி,Frontend,src/core/i18n/translations.ts
48,Survey Detail,Of preposition,of,இல்,Frontend,src/core/i18n/translations.ts
49,Survey Detail,Optional marker,(Optional),(விருப்பமானது),Frontend,src/core/i18n/translations.ts
50,Survey Detail,Required marker,(Required),(தேவையானது),Frontend,src/core/i18n/translations.ts
51,Survey Detail,Add comment label,Add a comment,கருத்தைச் சேர்க்கவும்,Frontend,src/core/i18n/translations.ts
52,Survey Detail,Comment placeholder,Share your thoughts...,உங்கள் எண்ணங்களைப் பகிரவும்...,Frontend,src/core/i18n/translations.ts
53,Survey Detail,Save draft button,Save Draft,வரைவைச் சேமி,Frontend,src/core/i18n/translations.ts
54,Survey Detail,Continue button,Continue,தொடர்க,Frontend,src/core/i18n/translations.ts
55,Survey Detail,Submit button,Submit Survey,கணக்கெடுப்பை சமர்ப்பிக்கவும்,Frontend,src/core/i18n/translations.ts
56,Survey Detail,Submitting state,Submitting...,சமர்ப்பிக்கிறது...,Frontend,src/core/i18n/translations.ts
57,Survey Detail,Back to surveys link,Back to Surveys,கணக்கெடுப்புகளுக்குத் திரும்பு,Frontend,src/core/i18n/translations.ts
58,Survey Detail,Already completed title,Survey Already Completed,கணக்கெடுப்பு ஏற்கனவே முடிக்கப்பட்டது,Frontend,src/core/i18n/translations.ts
59,Survey Detail,Submitted message,You have already submitted a response for this survey. It is currently under review.,இந்த கணக்கெடுப்புக்கு நீங்கள் ஏற்கனவே பதிலை சமர்ப்பித்துள்ளீர்கள். அது தற்போது மதிப்பாய்வில் உள்ளது.,Frontend,src/core/i18n/translations.ts
60,Survey Detail,Approved message,Your response has been approved. Thank you for your participation!,உங்கள் பதில் அங்கீகரிக்கப்பட்டுள்ளது. உங்கள் பங்கேற்புக்கு நன்றி!,Frontend,src/core/i18n/translations.ts
61,Survey Detail,Declined message,Your response was reviewed. Please check your email for more details.,உங்கள் பதில் மதிப்பாய்வு செய்யப்பட்டது. மேலும் விவரங்களுக்கு உங்கள் மின்னஞ்சலைச் சரிபார்க்கவும்.,Frontend,src/core/i18n/translations.ts
62,Survey Detail,Thank you message,Thank You!,நன்றி!,Frontend,src/core/i18n/translations.ts
63,Survey Detail,Survey completed title,Survey Completed Successfully,கணக்கெடுப்பு வெற்றிகரமாக முடிக்கப்பட்டது,Frontend,src/core/i18n/translations.ts
64,Survey Detail,Response recorded,Your response has been recorded successfully.,உங்கள் பதில் வெற்றிகரமாக பதிவு செய்யப்பட்டுள்ளது.,Frontend,src/core/i18n/translations.ts
65,Survey Detail,Please answer prompt,Please answer this question to continue,தொடர இந்த கேள்விக்கு பதிலளிக்கவும்,Frontend,src/core/i18n/translations.ts
66,Survey Detail,Complete button,Complete,முழுமை,Frontend,src/core/i18n/translations.ts
67,Survey Success,Title message,Thank you for your responses!,உங்கள் பதில்களுக்கு நன்றி!,Frontend,src/core/i18n/translations.ts
68,Survey Success,Main message,Our team will review your answers. If you meet the criteria for this study, a Thought Metrics representative will contact you for next steps.,எங்கள் குழு உங்கள் பதில்களை மதிப்பாய்வு செய்யும். இந்த ஆய்வுக்கான அளவுகோல்களை நீங்கள் பூர்த்தி செய்தால், அடுத்த படிகளுக்கு Thought Metrics பிரதிநிதி உங்களைத் தொடர்பு கொள்வார்.,Frontend,src/core/i18n/translations.ts
69,Survey Success,Sub message,Stay tuned — your opinions help shape tomorrow's decisions!,கவனமாக இருங்கள் — உங்கள் கருத்துகள் நாளைய முடிவுகளை வடிவமைக்க உதவுகின்றன!,Frontend,src/core/i18n/translations.ts
70,Survey Success,Back button,Back to Surveys,கணக்கெடுப்புகளுக்குத் திரும்பு,Frontend,src/core/i18n/translations.ts
71,Toast Notifications,Survey submitted success,Survey submitted successfully! You will be contacted soon.,கணக்கெடுப்பு வெற்றிகரமாக சமர்ப்பிக்கப்பட்டது! விரைவில் உங்களைத் தொடர்பு கொள்வோம்.,Frontend,src/core/i18n/translations.ts
72,Toast Notifications,Survey submitted error,Failed to submit survey. Please try again.,கணக்கெடுப்பை சமர்ப்பிக்க முடியவில்லை. மீண்டும் முயற்சிக்கவும்.,Frontend,src/core/i18n/translations.ts
73,Toast Notifications,Profile updated success,Profile updated successfully!,சுயவிவரம் வெற்றிகரமாக புதுப்பிக்கப்பட்டது!,Frontend,src/core/i18n/translations.ts
74,Toast Notifications,Profile updated error,Failed to update profile. Please try again.,சுயவிவரத்தை புதுப்பிக்க முடியவில்லை. மீண்டும் முயற்சிக்கவும்.,Frontend,src/core/i18n/translations.ts
75,Survey Questions,Select option prompt,Select an option,ஒரு விருப்பத்தைத் தேர்ந்தெடுக்கவும்,Frontend,src/core/i18n/translations.ts
76,Survey Questions,Select multiple prompt,Select all that apply,பொருந்தும் அனைத்தையும் தேர்ந்தெடுக்கவும்,Frontend,src/core/i18n/translations.ts
77,Survey Questions,Enter value prompt,Enter value,மதிப்பை உள்ளிடவும்,Frontend,src/core/i18n/translations.ts
78,Survey Questions,Type here placeholder,Type here...,இங்கே தட்டச்சு செய்யவும்...,Frontend,src/core/i18n/translations.ts
79,Survey Questions,Select date prompt,Select date,தேதியைத் தேர்ந்தெடுக்கவும்,Frontend,src/core/i18n/translations.ts
80,Survey Questions,Upload file button,Upload file,கோப்பைப் பதிவேற்றவும்,Frontend,src/core/i18n/translations.ts
81,Survey Questions,Drag items instruction,Drag to reorder,மறுவரிசைப்படுத்த இழுக்கவும்,Frontend,src/core/i18n/translations.ts
82,Survey Questions,Rank items instruction,Rank from most to least important,மிக முக்கியமானது முதல் குறைந்த முக்கியம் வரை தரவரிசைப்படுத்தவும்,Frontend,src/core/i18n/translations.ts
83,Survey Questions,Allocate points instruction,Allocate points,புள்ளிகளை ஒதுக்கவும்,Frontend,src/core/i18n/translations.ts
84,Survey Questions,Total points label,Total Points,மொத்த புள்ளிகள்,Frontend,src/core/i18n/translations.ts
85,Survey Questions,Points remaining label,Points Remaining,மீதம் உள்ள புள்ளிகள்,Frontend,src/core/i18n/translations.ts
86,Survey Questions,Select most prompt,Select most important,மிக முக்கியமானதைத் தேர்ந்தெடுக்கவும்,Frontend,src/core/i18n/translations.ts
87,Survey Questions,Select least prompt,Select least important,குறைந்த முக்கியமானதைத் தேர்ந்தெடுக்கவும்,Frontend,src/core/i18n/translations.ts
88,Survey Questions,No options message,No options selected,விருப்பங்கள் எதுவும் தேர்ந்தெடுக்கப்படவில்லை,Frontend,src/core/i18n/translations.ts
89,Survey Questions,Invalid input error,Invalid input,தவறான உள்ளீடு,Frontend,src/core/i18n/translations.ts
90,Validation,Required field error,This field is required,இந்த புலம் தேவையானது,Frontend,src/core/i18n/translations.ts
91,Validation,Invalid email error,Invalid email address,தவறான மின்னஞ்சல் முகவரி,Frontend,src/core/i18n/translations.ts
92,Validation,Invalid phone error,Invalid phone number,தவறான தொலைபேசி எண்,Frontend,src/core/i18n/translations.ts
93,Validation,Min length error,Minimum {min} characters required,குறைந்தபட்சம் {min} எழுத்துக்கள் தேவை,Frontend,src/core/i18n/translations.ts
94,Validation,Max length error,Maximum {max} characters allowed,அதிகபட்சம் {max} எழுத்துக்கள் அனுமதிக்கப்படும்,Frontend,src/core/i18n/translations.ts
95,Validation,Min value error,Minimum value is {min},குறைந்தபட்ச மதிப்பு {min},Frontend,src/core/i18n/translations.ts
96,Validation,Max value error,Maximum value is {max},அதிகபட்ச மதிப்பு {max},Frontend,src/core/i18n/translations.ts
97,Validation,Invalid date error,Invalid date,தவறான தேதி,Frontend,src/core/i18n/translations.ts
98,Validation,Invalid file error,Invalid file format,தவறான கோப்பு வடிவம்,Frontend,src/core/i18n/translations.ts
99,Validation,Select at least error,Select at least {min} option(s),குறைந்தபட்சம் {min} விருப்பம்(களை) தேர்ந்தெடுக்கவும்,Frontend,src/core/i18n/translations.ts
100,Validation,Select at most error,Select at most {max} option(s),அதிகபட்சம் {max} விருப்பம்(களை) தேர்ந்தெடுக்கவும்,Frontend,src/core/i18n/translations.ts
101,Validation,Total must be error,Total must be exactly {total},மொத்தம் சரியாக {total} ஆக இருக்க வேண்டும்,Frontend,src/core/i18n/translations.ts
102,Profile,Page title,Profile,சுயவிவரம்,Frontend,src/core/i18n/translations.ts
103,Profile,Edit profile title,Edit Profile,சுயவிவரத்தைத் திருத்து,Frontend,src/core/i18n/translations.ts
104,Profile,Personal info section,Personal Information,தனிப்பட்ட தகவல்,Frontend,src/core/i18n/translations.ts
105,Profile,Contact info section,Contact Information,தொடர்பு தகவல்,Frontend,src/core/i18n/translations.ts
106,Profile,First name field,First Name,முதல் பெயர்,Frontend,src/core/i18n/translations.ts
107,Profile,Last name field,Last Name,கடைசி பெயர்,Frontend,src/core/i18n/translations.ts
108,Profile,Display name field,Display Name,காட்சிப் பெயர்,Frontend,src/core/i18n/translations.ts
109,Profile,Email field,Email,மின்னஞ்சல்,Frontend,src/core/i18n/translations.ts
110,Profile,Phone field,Phone,தொலைபேசி,Frontend,src/core/i18n/translations.ts
111,Profile,Date of birth field,Date of Birth,பிறந்த தேதி,Frontend,src/core/i18n/translations.ts
112,Profile,Gender field,Gender,பாலினம்,Frontend,src/core/i18n/translations.ts
113,Profile,City field,City,நகரம்,Frontend,src/core/i18n/translations.ts
114,Profile,State field,State,மாநிலம்,Frontend,src/core/i18n/translations.ts
115,Profile,Country field,Country,நாடு,Frontend,src/core/i18n/translations.ts
116,Profile,Save changes button,Save Changes,மாற்றங்களைச் சேமி,Frontend,src/core/i18n/translations.ts
117,Profile,Cancel button,Cancel,ரத்து செய்,Frontend,src/core/i18n/translations.ts
118,Profile,Profile updated message,Profile updated successfully,சுயவிவரம் வெற்றிகரமாக புதுப்பிக்கப்பட்டது,Frontend,src/core/i18n/translations.ts
119,Profile,Door number field,Door No/ Street Address,கதவு எண் / தெரு முகவரி,Frontend,src/core/i18n/translations.ts
120,Profile,District field,District,மாவட்டம்,Frontend,src/core/i18n/translations.ts
121,Profile,Zip code field,ZIP/PIN Code,அஞ்சல் குறியீடு,Frontend,src/core/i18n/translations.ts
122,Profile,Select gender placeholder,Select gender,பாலினத்தைத் தேர்ந்தெடுக்கவும்,Frontend,src/core/i18n/translations.ts
123,Profile,Select state placeholder,Select state,மாநிலத்தைத் தேர்ந்தெடுக்கவும்,Frontend,src/core/i18n/translations.ts
124,Profile,Select country placeholder,Select country/region,நாடு/பகுதியைத் தேர்ந்தெடுக்கவும்,Frontend,src/core/i18n/translations.ts
125,Profile,Select month placeholder,Month,மாதம்,Frontend,src/core/i18n/translations.ts
126,Profile,Select day placeholder,Day,நாள்,Frontend,src/core/i18n/translations.ts
127,Profile,Select year placeholder,Year,வருடம்,Frontend,src/core/i18n/translations.ts
128,Profile,Participation preferences title,Participation Preferences,பங்கேற்பு விருப்பத்தேர்வுகள்,Frontend,src/core/i18n/translations.ts
129,Profile,Participation preferences description,Indicate your willingness to participate in the following types of research,பின்வரும் வகையான ஆராய்ச்சியில் பங்கேற்க உங்கள் விருப்பத்தைக் குறிப்பிடவும்,Frontend,src/core/i18n/translations.ts
130,Profile,Required fields note,* denotes required field,* தேவையான புலத்தைக் குறிக்கிறது,Frontend,src/core/i18n/translations.ts
131,Profile,Saving state,Saving...,சேமிக்கப்படுகிறது...,Frontend,src/core/i18n/translations.ts
132,Profile,Optional note,Optional,விருப்பமானது,Frontend,src/core/i18n/translations.ts
133,Participation Options,Thought Metrics facilities,Interviews at Thought Metrics facilities,Thought Metrics வசதிகளில் நேர்காணல்கள்,Frontend,src/core/i18n/translations.ts
134,Participation Options,Phone interviews,Phone Interviews,தொலைபேசி நேர்காணல்கள்,Frontend,src/core/i18n/translations.ts
135,Participation Options,Online interviews,Online Interviews,ஆன்லைன் நேர்காணல்கள்,Frontend,src/core/i18n/translations.ts
136,Participation Options,Interviews at home,Interviews at my home,எனது வீட்டில் நேர்காணல்கள்,Frontend,src/core/i18n/translations.ts
137,Participation Options,Local businesses,Interviews at local businesses,உள்ளூர் வணிகங்களில் நேர்காணல்கள்,Frontend,src/core/i18n/translations.ts
138,Language,Select language prompt,Select Language,மொழியைத் தேர்ந்தெடு,Frontend,src/core/i18n/translations.ts
139,Language,English name,English,English,Frontend,src/core/i18n/translations.ts
140,Language,Tamil name,Tamil,தமிழ்,Frontend,src/core/i18n/translations.ts
141,Language,Change language action,Change Language,மொழியை மாற்று,Frontend,src/core/i18n/translations.ts
142,Language,Language changed message,Language changed successfully,மொழி வெற்றிகரமாக மாற்றப்பட்டது,Frontend,src/core/i18n/translations.ts
143,Errors,Generic error,Something went wrong. Please try again.,ஏதோ தவறு நடந்தது. மீண்டும் முயற்சிக்கவும்.,Frontend,src/core/i18n/translations.ts
144,Errors,Network error,Network error. Please check your connection.,நெட்வொர்க் பிழை. உங்கள் இணைப்பைச் சரிபார்க்கவும்.,Frontend,src/core/i18n/translations.ts
145,Errors,Timeout error,Request timeout. Please try again.,கோரிக்கை நேரமுடிந்தது. மீண்டும் முயற்சிக்கவும்.,Frontend,src/core/i18n/translations.ts
146,Errors,Unauthorized error,Please login to continue.,தொடர உள்நுழையவும்.,Frontend,src/core/i18n/translations.ts
147,Errors,Forbidden error,You do not have permission to access this resource.,இந்த ஆதாரத்தை அணுக உங்களுக்கு அனுமதி இல்லை.,Frontend,src/core/i18n/translations.ts
148,Errors,Not found error,The requested resource was not found.,கோரப்பட்ட ஆதாரம் கிடைக்கவில்லை.,Frontend,src/core/i18n/translations.ts
149,Errors,Server error,Server error. Please try again later.,சர்வர் பிழை. பின்னர் மீண்டும் முயற்சிக்கவும்.,Frontend,src/core/i18n/translations.ts
150,Errors,Try again button,Try Again,மீண்டும் முயற்சிக்கவும்,Frontend,src/core/i18n/translations.ts
151,Industries,All industries,All Industries,அனைத்து துறைகள்,Frontend,src/core/i18n/translations.ts
152,Industries,Advertising & Marketing,Advertising & Marketing,விளம்பரம் & சந்தைப்படுத்தல்,Frontend,src/core/i18n/translations.ts
153,Industries,Automotive,Automotive,வாகனத் தொழில்,Frontend,src/core/i18n/translations.ts
154,Industries,Education,Education,கல்வி,Frontend,src/core/i18n/translations.ts
155,Industries,Financial Services,Financial Services & Insurance,நிதிச் சேவைகள் & காப்பீடு,Frontend,src/core/i18n/translations.ts
156,Industries,FMCG,FMCG,FMCG,Frontend,src/core/i18n/translations.ts
157,Industries,Healthcare,Healthcare & Life Sciences,சுகாதாரம் & வாழ்க்கை அறிவியல்,Frontend,src/core/i18n/translations.ts
158,Industries,Human Resources,Human Resources,மனித வளங்கள்,Frontend,src/core/i18n/translations.ts
159,Industries,Internet & Media,Internet & Media,இணையம் & ஊடகம்,Frontend,src/core/i18n/translations.ts
160,Industries,Investor & Private Equity,Investor & Private Equity,முதலீட்டாளர் & தனியார் ஈக்விட்டி,Frontend,src/core/i18n/translations.ts
161,Industries,Retail & Merchandising,Retail & Merchandising,சில்லறை & வணிகம்,Frontend,src/core/i18n/translations.ts
162,Industries,Technology,Technology,தொழில்நுட்பம்,Frontend,src/core/i18n/translations.ts
163,Industries,Others,Others,பிறவை,Frontend,src/core/i18n/translations.ts
164,Auth - Login,Page title,Log in to Thought Metrics,Thought Metrics இல் உள்நுழைக,Frontend,src/core/i18n/translations.ts
165,Auth - Login,Thought Metrics ID field,Thought Metrics ID,Thought Metrics அடையாளம்,Frontend,src/core/i18n/translations.ts
166,Auth - Login,Password field,Password,கடவுச்சொல்,Frontend,src/core/i18n/translations.ts
167,Auth - Login,Remember me checkbox,Remember me,என்னை நினைவில் வைத்திருங்கள்,Frontend,src/core/i18n/translations.ts
168,Auth - Login,Continue button,Continue,தொடர்,Frontend,src/core/i18n/translations.ts
169,Auth - Login,Signing in state,Signing in...,உள்நுழைகிறது...,Frontend,src/core/i18n/translations.ts
170,Auth - Login,Create account link,Create a Thought Metrics ID,Thought Metrics அடையாளத்தை உருவாக்கு,Frontend,src/core/i18n/translations.ts
171,Auth - Login,No account message,Don't have an account?,கணக்கு இல்லையா?,Frontend,src/core/i18n/translations.ts
172,Auth - Login,Reset password link,Click here,இங்கே கிளிக் செய்யவும்,Frontend,src/core/i18n/translations.ts
173,Auth - Login,Welcome back message,Welcome Back!,மீண்டும் வரவேற்கிறோம்!,Frontend,src/core/i18n/translations.ts
174,Auth - Login,Success message,You have successfully logged in to Thought Metrics.,Thought Metrics இல் வெற்றிகரமாக உள்நுழைந்துள்ளீர்கள்.,Frontend,src/core/i18n/translations.ts
175,Auth - Login,Invalid credentials error,Invalid credentials. Please check your ID and password.,தவறான அறிமுகச் சான்றுகள். உங்கள் அடையாளம் மற்றும் கடவுச்சொல்லைச் சரிபார்க்கவும்.,Frontend,src/core/i18n/translations.ts
176,Auth - Login,Login failed error,Login failed. Please try again.,உள்நுழைவு தோல்வியடைந்தது. மீண்டும் முயற்சிக்கவும்.,Frontend,src/core/i18n/translations.ts
177,Auth - Login,ID required error,Thought Metrics ID is required,Thought Metrics அடையாளம் தேவை,Frontend,src/core/i18n/translations.ts
178,Auth - Login,Password required error,Password is required,கடவுச்சொல் தேவை,Frontend,src/core/i18n/translations.ts
179,Auth - Signup,Page title,Create an Account,கணக்கை உருவாக்கவும்,Frontend,src/core/i18n/translations.ts
180,Auth - Signup,Why register heading,Why Register?,ஏன் பதிவு செய்ய வேண்டும்?,Frontend,src/core/i18n/translations.ts
181,Auth - Signup,Register description,(There is a joining bonus of ₹ 50 on successful registration. This will be credited to your account after your first completed survey. T&C apply.),(வெற்றிகரமான பதிவில் ₹ 50 சேரும் போனஸ் உள்ளது. இது உங்கள் முதல் முடிக்கப்பட்ட கணக்கெடுப்புக்குப் பிறகு உங்கள் கணக்கில் வரவு வைக்கப்படும். நிபந்தனைகள் பொருந்தும்.),Frontend,src/core/i18n/translations.ts
182,Auth - Signup,Facebook login button,Continue with Facebook,Facebook மூலம் தொடரவும்,Frontend,src/core/i18n/translations.ts
183,Auth - Signup,Google login button,Continue with Google,Google மூலம் தொடரவும்,Frontend,src/core/i18n/translations.ts
184,Auth - Signup,Step 1 label,Step 1,படி 1,Frontend,src/core/i18n/translations.ts
185,Auth - Signup,Step 2 label,Step 2,படி 2,Frontend,src/core/i18n/translations.ts
186,Auth - Signup,Step 3 label,Step 3,படி 3,Frontend,src/core/i18n/translations.ts
187,Auth - Signup,Step 4 label,Step 4,படி 4,Frontend,src/core/i18n/translations.ts
188,Auth - Signup,Your information step,Your Information,உங்கள் தகவல்,Frontend,src/core/i18n/translations.ts
189,Auth - Signup,Preferences step,Preferences,விருப்பத்தேர்வுகள்,Frontend,src/core/i18n/translations.ts
190,Auth - Signup,Payment info step,Payment Info,கட்டண தகவல்,Frontend,src/core/i18n/translations.ts
191,Auth - Signup,Surveys step,Surveys,கணக்கெடுப்புகள்,Frontend,src/core/i18n/translations.ts
192,Auth - Signup,First name field,First name,முதல் பெயர்,Frontend,src/core/i18n/translations.ts
193,Auth - Signup,Last name field,Last name,கடைசி பெயர்,Frontend,src/core/i18n/translations.ts
194,Auth - Signup,Email field,Email,மின்னஞ்சல்,Frontend,src/core/i18n/translations.ts
195,Auth - Signup,Password field,Password,கடவுச்சொல்,Frontend,src/core/i18n/translations.ts
196,Auth - Signup,Confirm password field,Confirm Password,கடவுச்சொல்லை உறுதிப்படுத்து,Frontend,src/core/i18n/translations.ts
197,Auth - Signup,Phone field,Phone (Optional),தொலைபேசி (விரும்பினால்),Frontend,src/core/i18n/translations.ts
198,Auth - Signup,Door number field,Door No/ Street Address,கதவு எண் / தெரு முகவரி,Frontend,src/core/i18n/translations.ts
199,Auth - Signup,District field,District (Optional),மாவட்டம் (விரும்பினால்),Frontend,src/core/i18n/translations.ts
200,Auth - Signup,City field,City,நகரம்,Frontend,src/core/i18n/translations.ts
201,Auth - Signup,State field,State,மாநிலம்,Frontend,src/core/i18n/translations.ts
202,Auth - Signup,Country field,Country Or Region,நாடு அல்லது பகுதி,Frontend,src/core/i18n/translations.ts
203,Auth - Signup,Zip code field,Zip Code,அஞ்சல் குறியீடு,Frontend,src/core/i18n/translations.ts
204,Auth - Signup,Date of birth field,Date of Birth,பிறந்த தேதி,Frontend,src/core/i18n/translations.ts
205,Auth - Signup,Gender field,Gender (Optional),பாலினம் (விரும்பினால்),Frontend,src/core/i18n/translations.ts
206,Auth - Signup,Participation preferences section,Participation Preferences,பங்கேற்பு விருப்பத்தேர்வுகள்,Frontend,src/core/i18n/translations.ts
207,Auth - Signup,Participation description,Are there any types of studies in which you would not like to participate? If so unselect them below.,நீங்கள் பங்கேற்க விரும்பாத எந்த வகையான ஆய்வுகள் உள்ளதா? அப்படியென்றால் கீழே அவற்றைத் தேர்வு நீக்கவும்.,Frontend,src/core/i18n/translations.ts
208,Auth - Signup,Thought Metrics facilities,Interviews at Thought Metrics facilities,Thought Metrics வசதிகளில் நேர்காணல்கள்,Frontend,src/core/i18n/translations.ts
209,Auth - Signup,Phone interviews,Phone Interviews,தொலைபேசி நேர்காணல்கள்,Frontend,src/core/i18n/translations.ts
210,Auth - Signup,Online interviews,Online Interviews,ஆன்லைன் நேர்காணல்கள்,Frontend,src/core/i18n/translations.ts
211,Auth - Signup,Interviews at home,Interviews at my home,என் வீட்டில் நேர்காணல்கள்,Frontend,src/core/i18n/translations.ts
212,Auth - Signup,Local businesses,Interviews at local businesses,உள்ளூர் வணிகங்களில் நேர்காணல்கள்,Frontend,src/core/i18n/translations.ts
213,Auth - Signup,Terms accepted text,I have read and understand my responsibilities as a participant and I agree to the,நான் பங்கேற்பாளராக எனது பொறுப்புகளைப் படித்து புரிந்துகொண்டேன் மற்றும் நான் ஒப்புக்கொள்கிறேன்,Frontend,src/core/i18n/translations.ts
214,Auth - Signup,Terms and conditions link,TERMS AND CONDITIONS,விதிமுறைகள் மற்றும் நிபந்தனைகள்,Frontend,src/core/i18n/translations.ts
215,Auth - Signup,Privacy accepted text,"By clicking ""Next"", you are agreeing to Thought Metrics","""அடுத்து"" என்பதைக் கிளிக் செய்வதன் மூலம், Thought Metrics க்கு நீங்கள் ஒப்புக்கொள்கிறீர்கள்",Frontend,src/core/i18n/translations.ts
216,Auth - Signup,Privacy policy link,PRIVACY POLICY,தனியுரிமைக் கொள்கை,Frontend,src/core/i18n/translations.ts
217,Auth - Signup,Next button,Next,அடுத்து,Frontend,src/core/i18n/translations.ts
218,Auth - Signup,Register button,Register,பதிவு செய்,Frontend,src/core/i18n/translations.ts
219,Auth - Signup,Processing state,Processing...,செயலாக்குகிறது...,Frontend,src/core/i18n/translations.ts
220,Auth - Signup,Required fields note,* denotes required field,* தேவையான புலத்தைக் குறிக்கிறது,Frontend,src/core/i18n/translations.ts
221,Auth - Signup,Welcome message,Welcome to Thought Metrics!,Thought Metrics க்கு வரவேற்கிறோம்!,Frontend,src/core/i18n/translations.ts
222,Auth - Signup,Account created success,Your account has been created successfully. You can now participate in research studies and surveys.,உங்கள் கணக்கு வெற்றிகரமாக உருவாக்கப்பட்டது. நீங்கள் இப்போது ஆராய்ச்சி ஆய்வுகள் மற்றும் கணக்கெடுப்புகளில் பங்கேற்கலாம்.,Frontend,src/core/i18n/translations.ts
223,Auth - Signup,First name required error,First name is required,முதல் பெயர் தேவை,Frontend,src/core/i18n/translations.ts
224,Auth - Signup,Last name required error,Last name is required,கடைசி பெயர் தேவை,Frontend,src/core/i18n/translations.ts
225,Auth - Signup,Email required error,Email is required,மின்னஞ்சல் தேவை,Frontend,src/core/i18n/translations.ts
226,Auth - Signup,Email invalid error,Email is invalid,மின்னஞ்சல் தவறானது,Frontend,src/core/i18n/translations.ts
227,Auth - Signup,Password required error,Password is required,கடவுச்சொல் தேவை,Frontend,src/core/i18n/translations.ts
228,Auth - Signup,Confirm password required error,Please confirm your password,உங்கள் கடவுச்சொல்லை உறுதிப்படுத்தவும்,Frontend,src/core/i18n/translations.ts
229,Auth - Signup,Password mismatch error,Passwords do not match,கடவுச்சொற்கள் பொருந்தவில்லை,Frontend,src/core/i18n/translations.ts
230,Auth - Signup,Address required error,Street address is required,தெரு முகவரி தேவை,Frontend,src/core/i18n/translations.ts
231,Auth - Signup,City required error,City is required,நகரம் தேவை,Frontend,src/core/i18n/translations.ts
232,Auth - Signup,State required error,State is required,மாநிலம் தேவை,Frontend,src/core/i18n/translations.ts
233,Auth - Signup,Country required error,Country or region is required,நாடு அல்லது பகுதி தேவை,Frontend,src/core/i18n/translations.ts
234,Auth - Signup,Zip code required error,Zip code is required,அஞ்சல் குறியீடு தேவை,Frontend,src/core/i18n/translations.ts
235,Auth - Signup,Date of birth required error,Date of birth is required,பிறந்த தேதி தேவை,Frontend,src/core/i18n/translations.ts
236,Auth - Signup,Gender required error,Gender is required,பாலினம் தேவை,Frontend,src/core/i18n/translations.ts
237,Auth - Signup,Terms required error,You must accept the terms and conditions,விதிமுறைகள் மற்றும் நிபந்தனைகளை ஏற்க வேண்டும்,Frontend,src/core/i18n/translations.ts
238,Auth - Signup,Privacy required error,You must accept the privacy policy,தனியுரிமைக் கொள்கையை ஏற்க வேண்டும்,Frontend,src/core/i18n/translations.ts
239,Auth - Signup,Registration failed error,Registration failed. Please try again.,பதிவு தோல்வியடைந்தது. மீண்டும் முயற்சிக்கவும்.,Frontend,src/core/i18n/translations.ts
240,Auth - Signup,Optional marker,(Optional),(விரும்பினால்),Frontend,src/core/i18n/translations.ts
241,Auth - Signup - FAQ,Question 1,What's a focus group?,ஃபோகஸ் குழு என்றால் என்ன?,Frontend,src/core/i18n/translations.ts
242,Auth - Signup - FAQ,Answer 1,"A focus group is a round-table discussion on products and services that you use. The discussions are led by market research professionals and usually last between 1–2 hours. While focus groups are a common type of research study, we also conduct taste tests, product trials, in-home interviews, shop-along interviews, phone interviews, and online research. When you're done, you will receive an incentive for your contribution!","ஃபோகஸ் குழு என்பது நீங்கள் பயன்படுத்தும் தயாரிப்புகள் மற்றும் சேவைகள் பற்றிய வட்ட மேசை விவாதமாகும். இந்த விவாதங்கள் சந்தை ஆராய்ச்சி நிபுணர்களால் நடத்தப்படுகின்றன மற்றும் பொதுவாக 1-2 மணி நேரம் நீடிக்கும். ஃபோகஸ் குழுக்கள் பொதுவான ஆய்வு வகையாக இருந்தாலும், நாங்கள் சுவை சோதனைகள், தயாரிப்பு சோதனைகள், வீட்டு நேர்காணல்கள், கடை-உடன் நேர்காணல்கள், தொலைபேசி நேர்காணல்கள் மற்றும் ஆன்லைன் ஆராய்ச்சியையும் நடத்துகிறோம். நீங்கள் முடித்த பிறகு, உங்கள் பங்களிப்புக்கான ஊக்கத்தொகையைப் பெறுவீர்கள்!",Frontend,src/core/i18n/translations.ts
243,Auth - Signup - FAQ,Question 2,Why and how do I register?,நான் ஏன் மற்றும் எப்படி பதிவு செய்வது?,Frontend,src/core/i18n/translations.ts
244,Auth - Signup - FAQ,Answer 2,"Registering will add you to Thought Metrics' participant community, giving you access to various study opportunities. During the sign-up process, we will ask for: • Contact information • Demographic details • Household information This helps us identify if you qualify for a particular project. Additional screening may be needed to confirm qualification.","பதிவு செய்வது Thought Metrics பங்கேற்பாளர் சமூகத்தில் உங்களைச் சேர்க்கும், பல்வேறு ஆய்வு வாய்ப்புகளுக்கான அணுகலை வழங்கும். பதிவு செயல்முறையின் போது, நாங்கள் கேட்போம்: • தொடர்பு தகவல் • மக்கள்தொகை விவரங்கள் • குடும்ப தகவல் இது ஒரு குறிப்பிட்ட திட்டத்திற்கு நீங்கள் தகுதியுடையவரா என்பதை அடையாளம் காண உதவுகிறது. தகுதியை உறுதிப்படுத்த கூடுதல் திரையிடல் தேவைப்படலாம்.",Frontend,src/core/i18n/translations.ts
245,Auth - Signup - FAQ,Question 3,Where does Thought Metrics do a focus group?,Thought Metrics எங்கு ஃபோகஸ் குழுவை நடத்துகிறது?,Frontend,src/core/i18n/translations.ts
246,Auth - Signup - FAQ,Answer 3,"Thought Metrics has focus group facilities across India. When you register, you can choose the one nearest to you. If you do not live close to any facility, you can register for our national database, and you will be eligible for phone or online interviews.",Thought Metrics இந்தியா முழுவதும் ஃபோகஸ் குழு வசதிகளைக் கொண்டுள்ளது. நீங்கள் பதிவு செய்யும்போது, உங்களுக்கு மிக அருகில் உள்ளதைத் தேர்வு செய்யலாம். நீங்கள் எந்த வசதிக்கும் அருகில் வசிக்கவில்லை என்றால், எங்கள் தேசிய தரவுத்தளத்தில் பதிவு செய்யலாம், மேலும் நீங்கள் தொலைபேசி அல்லது ஆன்லைன் நேர்காணல்களுக்கு தகுதியுடையவராக இருப்பீர்கள்.,Frontend,src/core/i18n/translations.ts
247,Auth - Signup - FAQ,Question 4,Do you do other types of studies?,நீங்கள் வேறு வகையான ஆய்வுகளை செய்கிறீர்களா?,Frontend,src/core/i18n/translations.ts
248,Auth - Signup - FAQ,Answer 4,"Yes! While focus groups are a common type of research study, we also conduct: • Online surveys • Phone surveys • In-home interviews • Shop-along interviews • Product trials • Taste tests","ஆம்! ஃபோகஸ் குழுக்கள் பொதுவான ஆய்வு வகையாக இருந்தாலும், நாங்கள் இதையும் நடத்துகிறோம்: • ஆன்லைன் கணக்கெடுப்புகள் • தொலைபேசி கணக்கெடுப்புகள் • வீட்டு நேர்காணல்கள் • கடை-உடன் நேர்காணல்கள் • தயாரிப்பு சோதனைகள் • சுவை சோதனைகள்",Frontend,src/core/i18n/translations.ts
249,Auth - Signup - FAQ,Question 5,"Once I have registered, what happens?",நான் பதிவு செய்த பிறகு என்ன நடக்கும்?,Frontend,src/core/i18n/translations.ts
250,Auth - Signup - FAQ,Answer 5,"Once you register, your details are stored in the Thought Metrics participant community. From there: • You may be contacted for projects you qualify for based on your profile • Some additional screening may be required to confirm eligibility • When selected, you will be provided with study details, timing, and incentive information","நீங்கள் பதிவு செய்த பிறகு, உங்கள் விவரங்கள் Thought Metrics பங்கேற்பாளர் சமூகத்தில் சேமிக்கப்படுகின்றன. அங்கிருந்து: • உங்கள் சுயவிவரத்தின் அடிப்படையில் நீங்கள் தகுதியுடைய திட்டங்களுக்காக தொடர்பு கொள்ளப்படலாம் • தகுதியை உறுதிப்படுத்த சில கூடுதல் திரையிடல் தேவைப்படலாம் • தேர்ந்தெடுக்கப்பட்டால், ஆய்வு விவரங்கள், நேரம் மற்றும் ஊக்கத்தொகை தகவல் உங்களுக்கு வழங்கப்படும்",Frontend,src/core/i18n/translations.ts
251,Auth - Signup - FAQ,Question 6,Is my information safe?,என் தகவல் பாதுகாப்பானதா?,Frontend,src/core/i18n/translations.ts
252,Auth - Signup - FAQ,Answer 6,"Yes! Thought Metrics adheres to the Insights Association Code of Standards and Ethics for Market Research and Data Analytics. Your information is kept completely confidential. We do not sell or share your information with any third party. For more information, please see our Privacy Policy.",ஆம்! Thought Metrics சந்தை ஆராய்ச்சி மற்றும் தரவு பகுப்பாய்விற்கான Insights சங்க தர நெறிமுறைகள் மற்றும் நெறிமுறைகளை கடைபிடிக்கிறது. உங்கள் தகவல் முற்றிலும் ரகசியமாக வைக்கப்படுகிறது. நாங்கள் உங்கள் தகவலை எந்த மூன்றாம் தரப்பினருக்கும் விற்கவோ அல்லது பகிரவோ மாட்டோம். மேலும் தகவலுக்கு, தயவுசெய்து எங்கள் தனியுரிமைக் கொள்கையைப் பார்க்கவும்.,Frontend,src/core/i18n/translations.ts
253,Auth - Signup - FAQ,Question 7,What are my responsibilities as a focus group participant?,ஃபோகஸ் குழு பங்கேற்பாளராக எனது பொறுப்புகள் என்ன?,Frontend,src/core/i18n/translations.ts
254,Auth - Signup - FAQ,Answer 7,"To make research meaningful and accurate, we ask all participants to: • Be truthful when answering questions about yourself and your habits • Arrive for your appointment on time and ready to participate in the discussion • Notify Thought Metrics if you must cancel, with as much advance notice as possible • Enjoy it! Focus groups are fun and engaging","ஆராய்ச்சியை அர்த்தமுள்ளதாகவும் துல்லியமாகவும் செய்ய, அனைத்து பங்கேற்பாளர்களையும் கேட்டுக்கொள்கிறோம்: • உங்களைப் பற்றியும் உங்கள் பழக்கவழக்கங்களைப் பற்றியும் கேள்விகளுக்கு பதிலளிக்கும்போது உண்மையாக இருங்கள் • உங்கள் சந்திப்புக்கு சரியான நேரத்தில் வந்து விவாதத்தில் பங்கேற்கத் தயாராக இருங்கள் • நீங்கள் ரத்து செய்ய வேண்டுமானால், முடிந்தவரை முன் அறிவிப்புடன் Thought Metrics க்கு தெரிவிக்கவும் • அதை அனுபவியுங்கள்! ஃபோகஸ் குழுக்கள் வேடிக்கையானவை மற்றும் ஈர்க்கக்கூடியவை",Frontend,src/core/i18n/translations.ts
255,Auth - Signup - FAQ,Question 8,How do I unsubscribe?,நான் எப்படி குழுவிலகம் செய்வது?,Frontend,src/core/i18n/translations.ts
256,Auth - Signup - FAQ,Answer 8,"If you would like to unsubscribe from our database and no longer receive calls or emails about upcoming focus groups, please click unsubscribe from your account settings.",எங்கள் தரவுத்தளத்திலிருந்து குழுவிலகம் செய்து, வரவிருக்கும் ஃபோகஸ் குழுக்கள் பற்றிய அழைப்புகள் அல்லது மின்னஞ்சல்களைப் பெறாமல் இருக்க விரும்பினால், உங்கள் கணக்கு அமைப்புகளில் இருந்து குழுவிலகம் என்பதைக் கிளிக் செய்யவும்.,Frontend,src/core/i18n/translations.ts
257,Auth - Signup - Payment,Title,Payment Information,பணம் செலுத்தும் தகவல்,Frontend,src/core/i18n/translations.ts
258,Auth - Signup - Payment,Description,Choose how you want to receive payments. You can update this later anytime.,நீங்கள் பணம் பெற விரும்பும் முறையை தேர்வு செய்யவும். நீங்கள் இதை எப்போதும் பின்னர் புதுப்பிக்கலாம்.,Frontend,src/core/i18n/translations.ts
259,Auth - Signup - Payment,Method label,Payment Method,பணம் செலுத்தும் முறை,Frontend,src/core/i18n/translations.ts
260,Auth - Signup - Payment,Method placeholder,Select a method,ஒரு முறையைத் தேர்ந்தெடுக்கவும்,Frontend,src/core/i18n/translations.ts
261,Auth - Signup - Payment,UPI payment option,UPI Payment,UPI பணம் செலுத்துதல்,Frontend,src/core/i18n/translations.ts
262,Auth - Signup - Payment,Bank transfer option,Bank Transfer,வங்கி பரிமாற்றம்,Frontend,src/core/i18n/translations.ts
263,Auth - Signup - Payment,Skip for now option,Skip for now,இப்போதைக்கு தவிர்க்கவும்,Frontend,src/core/i18n/translations.ts
264,Auth - Signup - Payment,Skip message,You can add your payment details later from your profile.,உங்கள் பணம் செலுத்தும் விவரங்களை உங்கள் சுயவிவரத்தில் இருந்து பின்னர் சேர்க்கலாம்.,Frontend,src/core/i18n/translations.ts
265,Auth - Signup - Payment - UPI,UPI ID label,UPI ID (example: name@bank),UPI ஐடி (எடுத்துக்காட்டு: பெயர்@வங்கி),Frontend,src/core/i18n/translations.ts
266,Auth - Signup - Payment - UPI,UPI ID placeholder,Optional if using mobile number,மொபைல் எண்ணைப் பயன்படுத்தினால் விருப்பமானது,Frontend,src/core/i18n/translations.ts
267,Auth - Signup - Payment - UPI,Mobile label,UPI Mobile Number,UPI மொபைல் எண்,Frontend,src/core/i18n/translations.ts
268,Auth - Signup - Payment - UPI,Mobile placeholder,10-digit mobile linked to UPI,UPI உடன் இணைக்கப்பட்ட 10 இலக்க மொபைல்,Frontend,src/core/i18n/translations.ts
269,Auth - Signup - Payment - UPI,Full name label,Full Name (bank-verified),முழு பெயர் (வங்கி சரிபார்க்கப்பட்டது),Frontend,src/core/i18n/translations.ts
270,Auth - Signup - Payment - Bank,Account number label,Bank Account Number,வங்கிக் கணக்கு எண்,Frontend,src/core/i18n/translations.ts
271,Auth - Signup - Payment - Bank,IFSC label,IFSC Code,IFSC குறியீடு,Frontend,src/core/i18n/translations.ts
272,Auth - Signup - Payment - Bank,Holder name label,Account Holder Name,கணக்கு வைத்திருப்பவர் பெயர்,Frontend,src/core/i18n/translations.ts
273,Backend - Common,Not sure option,Not sure,உறுதியாக தெரியவில்லை,Backend,src/scripts/survey-data-factory.ts
274,Backend - Common,Maybe option,Maybe,ஒருவேளை,Backend,src/scripts/survey-data-factory.ts
275,Backend - Common,Shared option,Shared,பகிர்ந்து,Backend,src/scripts/survey-data-factory.ts
276,Backend - Common,Daily frequency,Daily,தினசரி,Backend,src/scripts/survey-data-factory.ts
277,Backend - Common,Weekly frequency,Weekly,வாரந்தோறும்,Backend,src/scripts/survey-data-factory.ts
278,Backend - Common,Monthly frequency,Monthly,மாதந்தோறும்,Backend,src/scripts/survey-data-factory.ts
279,Backend - Common,Rarely frequency,Rarely,அரிதாக,Backend,src/scripts/survey-data-factory.ts
280,Backend - Common,Other option,Other,மற்றவை,Backend,src/scripts/survey-data-factory.ts
281,Backend - Smartphone Brands,Apple brand,Apple,ஆப்பிள்,Backend,src/scripts/survey-data-factory.ts
282,Backend - Smartphone Brands,Samsung brand,Samsung,சாம்சங்,Backend,src/scripts/survey-data-factory.ts
283,Backend - Smartphone Brands,Xiaomi brand,Xiaomi,ஷியோமி,Backend,src/scripts/survey-data-factory.ts
284,Backend - Smartphone Brands,OnePlus brand,OnePlus,ஒன் பிளஸ்,Backend,src/scripts/survey-data-factory.ts
285,Backend - Smartphone Brands,Realme brand,Realme,ரியல்மீ,Backend,src/scripts/survey-data-factory.ts
286,Backend - Skincare Products,Face Serum,Face Serum,முக சீரம்,Backend,src/scripts/survey-data-factory.ts
287,Backend - Skincare Products,Moisturizer,Moisturizer,ஈரப்பதமூட்டி,Backend,src/scripts/survey-data-factory.ts
288,Backend - Skincare Products,Cleanser,Cleanser,க்ளென்சர்,Backend,src/scripts/survey-data-factory.ts
289,Backend - Skincare Products,Sunscreen,Sunscreen,சன்ஸ்க்ரீன்,Backend,src/scripts/survey-data-factory.ts
290,Backend - Skincare Products,Toner,Toner,டோனர்,Backend,src/scripts/survey-data-factory.ts
291,Backend - Banking,HDFC bank,HDFC,எச்டிஎஃப்சி,Backend,src/scripts/survey-data-factory.ts
292,Backend - Banking,ICICI bank,ICICI,ஐசிஐசிஐ,Backend,src/scripts/survey-data-factory.ts
293,Backend - Banking,SBI bank,SBI,எஸ்பிஐ,Backend,src/scripts/survey-data-factory.ts
294,Backend - Banking,Axis bank,Axis,ஆக்சிஸ்,Backend,src/scripts/survey-data-factory.ts
295,Backend - Banking,Kotak bank,Kotak,கோடக்,Backend,src/scripts/survey-data-factory.ts
296,Backend - Survey Titles,Smartphone usage survey,Smartphone Usage Brand Preferences 2025,ஸ்மார்ட்போன் பயன்பாடு மற்றும் பிராண்ட் விருப்பத்தேர்வுகள் 2025,Backend,src/scripts/survey-data-factory.ts
297,Backend - Survey Titles,Personal care survey,Personal Care Product Trial Feedback,தனிப்பட்ட பராமரிப்பு தயாரிப்பு சோதனை கருத்து,Backend,src/scripts/survey-data-factory.ts
298,Backend - Survey Titles,Online banking survey,Online Banking Experience Benchmark,ஆன்லைன் வங்கி அனுபவ தரநிலை,Backend,src/scripts/survey-data-factory.ts
299,Backend - Survey Titles,Streaming habits survey,Streaming Habits Gen Z,ஜென்-இசட் ஸ்ட்ரீமிங் பழக்கங்கள்,Backend,src/scripts/survey-data-factory.ts
300,Backend - Survey Titles,Electric two-wheeler survey,Electric Two Wheeler Purchase Intent,மின்சார இரு சக்கர வாகன வாங்கும் நோக்கம்,Backend,src/scripts/survey-data-factory.ts
301,Backend - Survey Titles,Grocery shopping survey,Grocery Shopping Patterns Tier2,மளிகைகடை அளவு வாங்கல் மாதிரிகள் (டையர்-2),Backend,src/scripts/survey-data-factory.ts
302,Backend - Survey Titles,Employee wellness survey,Employee Wellness Programs Effectiveness,பணியாளர் நல திட்டங்களின் செயல்திறன்,Backend,src/scripts/survey-data-factory.ts
303,Backend - Survey Titles,Voter awareness survey,Voter Awareness Sentiment Pulse,வாக்காளர் விழிப்புணர்வு மற்றும் உணர்வு பரிசோதனை,Backend,src/scripts/survey-data-factory.ts
304,Backend - Survey Titles,OTT subscription survey,OTT Subscription Renewal Drivers,OTT சந்தா புதுப்பிப்பு காரணிகள்,Backend,src/scripts/survey-data-factory.ts
305,Backend - Survey Titles,Insurance comparison survey,Insurance Plan Comparison Study,காப்பீட்டு திட்ட ஒப்பீட்டு ஆய்வு,Backend,src/scripts/survey-data-factory.ts
306,Backend - Survey Titles,Healthy snacking survey,Healthy Snacking Preferences,ஆரோக்கியமான சிற்றுண்டி விருப்பத்தேர்வுகள்,Backend,src/scripts/survey-data-factory.ts
307,Backend - Survey Titles,Electric appliance survey,Electric Appliance Brand Recall,மின்சார உபகரண பிராண்ட் நினைவூட்டல் ஆய்வு,Backend,src/scripts/survey-data-factory.ts
308,Backend - Survey Titles,Ride-hailing survey,Ride Hailing App Satisfaction,சவாரி அழைப்பு பயன்பாடு திருப்தி ஆய்வு,Backend,src/scripts/survey-data-factory.ts
309,Backend - Survey Titles,Beauty skincare survey,Beauty Skincare Product Trial,அழகு மற்றும் தோல் பராமரிப்பு தயாரிப்பு சோதனை,Backend,src/scripts/survey-data-factory.ts
310,Backend - Survey Titles,Small business survey,Small Business Digital Transformation,சிறு வணிக டிஜிட்டல் மாற்றம்,Backend,src/scripts/survey-data-factory.ts
311,Backend - Survey Titles,Luxury brand survey,Luxury Brand Perception Study,ஆடம்பர பிராண்ட் கருத்து ஆய்வு,Backend,src/scripts/survey-data-factory.ts
312,Backend - Survey Titles,Healthcare app survey,Healthcare App Usage Behaviour,சுகாதார பயன்பாடு பயன்பாட்டு நடத்தை,Backend,src/scripts/survey-data-factory.ts
313,Backend - Survey Titles,Online grocery loyalty survey,Online Grocery Loyalty Programs,ஆன்லைன் மளிகைகடை ஆதரவு திட்டங்கள்,Backend,src/scripts/survey-data-factory.ts
314,Backend - Survey Titles,EV charging survey,EV Charging Station Preferences,மின்சார வாகன சார்ஜிங் நிலைய விருப்பத்தேர்வுகள்,Backend,src/scripts/survey-data-factory.ts
315,Backend - Survey Titles,Social media ad survey,Social Media Ad Recall Study,சமூக ஊடக விளம்பர நினைவூட்டல் ஆய்வு,Backend,src/scripts/survey-data-factory.ts
316,Backend - Survey Questions,Smartphone ownership,Do you currently own a smartphone?,உங்களிடம் தற்போது ஸ்மார்ட்போன் உள்ளதா?,Backend,src/scripts/survey-data-factory.ts
317,Backend - Survey Questions,Smartphone brand usage,Which smartphone brand do you currently use?,நீங்கள் தற்போது எந்த ஸ்மார்ட்போன் பிராண்டைப் பயன்படுத்துகிறீர்கள்?,Backend,src/scripts/survey-data-factory.ts
318,Backend - Survey Questions,Smartphone usage duration,How long have you been using your current smartphone? (in months),உங்கள் தற்போதைய ஸ்மார்ட்போனை எவ்வளவு காலமாக பயன்படுத்துகிறீர்கள்? (மாதங்களில்),Backend,src/scripts/survey-data-factory.ts
319,Backend - Survey Questions,Purchase plan,Do you plan to purchase a new smartphone in the next 12 months?,அடுத்த 12 மாதங்களில் புதிய ஸ்மார்ட்போன் வாங்க திட்டமிட்டுள்ளீர்களா?,Backend,src/scripts/survey-data-factory.ts
320,Backend - Survey Questions,Budget range,What is your typical smartphone budget range (in INR)?,உங்கள் வழக்கமான ஸ்மார்ட்போன் பட்ஜெட் வரம்பு (ரூபாயில்) என்ன?,Backend,src/scripts/survey-data-factory.ts
321,Backend - Survey Questions,Decision maker,Are you the primary decision-maker for smartphone purchases?,ஸ்மார்ட்போன் வாங்குவதில் நீங்கள் முதன்மை முடிவெடுப்பவரா?,Backend,src/scripts/survey-data-factory.ts
322,Backend - Survey Messages,Thank you for completion,Thank you for completing this survey!,இந்த கணக்கெடுப்பை முடித்ததற்கு நன்றி!,Backend,src/scripts/survey-data-factory.ts
323,Backend - Survey Messages,Response recorded,Your response has been recorded successfully.,உங்கள் பதில் வெற்றிகரமாக பதிவு செய்யப்பட்டுள்ளது.,Backend,src/scripts/survey-data-factory.ts
324,"Survey 1 - smartphone-usage-brand-preferences-2025","Question 1","Do you currently own a smartphone?","உங்களிடம் தற்போது ஸ்மார்ட்போன் உள்ளதா?",Backend,"src/scripts/survey-data-complete.json"
325,"Survey 1 - smartphone-usage-brand-preferences-2025","Question 1 - Option","Yes","ஆம்",Backend,"src/scripts/survey-data-complete.json"
326,"Survey 1 - smartphone-usage-brand-preferences-2025","Question 1 - Option","No","இல்லை",Backend,"src/scripts/survey-data-complete.json"
327,"Survey 1 - smartphone-usage-brand-preferences-2025","Question 2","Which smartphone brand do you currently use?","நீங்கள் தற்போது எந்த ஸ்மார்ட்போன் பிராண்டைப் பயன்படுத்துகிறீர்கள்?",Backend,"src/scripts/survey-data-complete.json"
328,"Survey 1 - smartphone-usage-brand-preferences-2025","Question 2 - Option","Apple","ஆப்பிள்",Backend,"src/scripts/survey-data-complete.json"
329,"Survey 1 - smartphone-usage-brand-preferences-2025","Question 2 - Option","Samsung","சாம்சங்",Backend,"src/scripts/survey-data-complete.json"
330,"Survey 1 - smartphone-usage-brand-preferences-2025","Question 2 - Option","Xiaomi","ஷியோமி",Backend,"src/scripts/survey-data-complete.json"
331,"Survey 1 - smartphone-usage-brand-preferences-2025","Question 2 - Option","OnePlus","ஒன் பிளஸ்",Backend,"src/scripts/survey-data-complete.json"
332,"Survey 1 - smartphone-usage-brand-preferences-2025","Question 2 - Option","Realme","ரியல்மீ",Backend,"src/scripts/survey-data-complete.json"
333,"Survey 1 - smartphone-usage-brand-preferences-2025","Question 2 - Option","Other","மற்றவை",Backend,"src/scripts/survey-data-complete.json"
334,"Survey 1 - smartphone-usage-brand-preferences-2025","Question 3","How long have you been using your current smartphone? (in months)","உங்கள் தற்போதைய ஸ்மார்ட்போனை எவ்வளவு காலமாக பயன்படுத்துகிறீர்கள்? (மாதங்களில்)",Backend,"src/scripts/survey-data-complete.json"
335,"Survey 1 - smartphone-usage-brand-preferences-2025","Question 3 - Option","Less than 6 months","6 மாதங்களுக்கும் குறைவாக",Backend,"src/scripts/survey-data-complete.json"
336,"Survey 1 - smartphone-usage-brand-preferences-2025","Question 3 - Option","6-12 months","6-12 மாதங்கள்",Backend,"src/scripts/survey-data-complete.json"
337,"Survey 1 - smartphone-usage-brand-preferences-2025","Question 3 - Option","12-24 months","12-24 மாதங்கள்",Backend,"src/scripts/survey-data-complete.json"
338,"Survey 1 - smartphone-usage-brand-preferences-2025","Question 3 - Option","More than 24 months","24 மாதங்களுக்கும் மேல்",Backend,"src/scripts/survey-data-complete.json"
339,"Survey 1 - smartphone-usage-brand-preferences-2025","Question 4","Do you plan to purchase a new smartphone in the next 12 months?","அடுத்த 12 மாதங்களில் புதிய ஸ்மார்ட்போன் வாங்க திட்டமிட்டுள்ளீர்களா?",Backend,"src/scripts/survey-data-complete.json"
340,"Survey 1 - smartphone-usage-brand-preferences-2025","Question 4 - Option","Yes","ஆம்",Backend,"src/scripts/survey-data-complete.json"
341,"Survey 1 - smartphone-usage-brand-preferences-2025","Question 4 - Option","No","இல்லை",Backend,"src/scripts/survey-data-complete.json"
342,"Survey 1 - smartphone-usage-brand-preferences-2025","Question 4 - Option","Not sure","உறுதியாக தெரியவில்லை",Backend,"src/scripts/survey-data-complete.json"
343,"Survey 1 - smartphone-usage-brand-preferences-2025","Question 5","What is your typical smartphone budget range (in INR)?","உங்கள் வழக்கமான ஸ்மார்ட்போன் பட்ஜெட் வரம்பு என்ன (ரூபாயில்)?",Backend,"src/scripts/survey-data-complete.json"
344,"Survey 1 - smartphone-usage-brand-preferences-2025","Question 5 - Option","Under 10,000","10,000க்கும் குறைவாக",Backend,"src/scripts/survey-data-complete.json"
345,"Survey 1 - smartphone-usage-brand-preferences-2025","Question 5 - Option","10,000-20,000","10,000-20,000",Backend,"src/scripts/survey-data-complete.json"
346,"Survey 1 - smartphone-usage-brand-preferences-2025","Question 5 - Option","20,000-40,000","20,000-40,000",Backend,"src/scripts/survey-data-complete.json"
347,"Survey 1 - smartphone-usage-brand-preferences-2025","Question 5 - Option","40,000-60,000","40,000-60,000",Backend,"src/scripts/survey-data-complete.json"
348,"Survey 1 - smartphone-usage-brand-preferences-2025","Question 5 - Option","Above 60,000","60,000க்கும் மேல்",Backend,"src/scripts/survey-data-complete.json"
349,"Survey 1 - smartphone-usage-brand-preferences-2025","Question 6","Are you the primary decision-maker for smartphone purchases?","ஸ்மார்ட்போன் வாங்குவதில் நீங்கள் முதன்மை முடிவெடுப்பவரா?",Backend,"src/scripts/survey-data-complete.json"
350,"Survey 1 - smartphone-usage-brand-preferences-2025","Question 6 - Option","Yes","ஆம்",Backend,"src/scripts/survey-data-complete.json"
351,"Survey 1 - smartphone-usage-brand-preferences-2025","Question 6 - Option","No","இல்லை",Backend,"src/scripts/survey-data-complete.json"
352,"Survey 1 - smartphone-usage-brand-preferences-2025","Question 6 - Option","Shared","பகிர்ந்து",Backend,"src/scripts/survey-data-complete.json"
353,"Survey 2 - personal-care-product-trial-feedback","Question 1","Do you use personal care products regularly?","நீங்கள் தனிப்பட்ட பராமரிப்பு தயாரிப்புகளை தவறாமல் பயன்படுத்துகிறீர்களா?",Backend,"src/scripts/survey-data-complete.json"
354,"Survey 2 - personal-care-product-trial-feedback","Question 1 - Option","Yes","ஆம்",Backend,"src/scripts/survey-data-complete.json"
355,"Survey 2 - personal-care-product-trial-feedback","Question 1 - Option","No","இல்லை",Backend,"src/scripts/survey-data-complete.json"
356,"Survey 2 - personal-care-product-trial-feedback","Question 2","Which of the following skincare products do you use weekly?","பின்வரும் தோல் பராமரிப்பு தயாரிப்புகளில் வாரந்தோறும் எதை பயன்படுத்துகிறீர்கள்?",Backend,"src/scripts/survey-data-complete.json"
357,"Survey 2 - personal-care-product-trial-feedback","Question 2 - Option","Face Serum","முக சீரம்",Backend,"src/scripts/survey-data-complete.json"
358,"Survey 2 - personal-care-product-trial-feedback","Question 2 - Option","Moisturizer","ஈரப்பதமூட்டி",Backend,"src/scripts/survey-data-complete.json"
359,"Survey 2 - personal-care-product-trial-feedback","Question 2 - Option","Cleanser","க்ளென்சர்",Backend,"src/scripts/survey-data-complete.json"
360,"Survey 2 - personal-care-product-trial-feedback","Question 2 - Option","Sunscreen","சன்ஸ்க்ரீன்",Backend,"src/scripts/survey-data-complete.json"
361,"Survey 2 - personal-care-product-trial-feedback","Question 2 - Option","Toner","டோனர்",Backend,"src/scripts/survey-data-complete.json"
362,"Survey 2 - personal-care-product-trial-feedback","Question 3","How often do you buy new personal care products per month?","மாதத்திற்கு எத்தனை முறை புதிய தனிப்பட்ட பராமரிப்பு தயாரிப்புகள் வாங்குகிறீர்கள்?",Backend,"src/scripts/survey-data-complete.json"
363,"Survey 2 - personal-care-product-trial-feedback","Question 3 - Option","1-2 times","1-2 முறை",Backend,"src/scripts/survey-data-complete.json"
364,"Survey 2 - personal-care-product-trial-feedback","Question 3 - Option","3-5 times","3-5 முறை",Backend,"src/scripts/survey-data-complete.json"
365,"Survey 2 - personal-care-product-trial-feedback","Question 3 - Option","6-10 times","6-10 முறை",Backend,"src/scripts/survey-data-complete.json"
366,"Survey 2 - personal-care-product-trial-feedback","Question 3 - Option","More than 10 times","10 முறைக்கும் மேல்",Backend,"src/scripts/survey-data-complete.json"
367,"Survey 2 - personal-care-product-trial-feedback","Question 4","What is your monthly spend on personal care products? (in INR)","தனிப்பட்ட பராமரிப்பு தயாரிப்புகளுக்கு உங்கள் மாதாந்திர செலவு என்ன (ரூபாயில்)?",Backend,"src/scripts/survey-data-complete.json"
368,"Survey 2 - personal-care-product-trial-feedback","Question 4 - Option","Under 500","500க்கும் குறைவாக",Backend,"src/scripts/survey-data-complete.json"
369,"Survey 2 - personal-care-product-trial-feedback","Question 4 - Option","500-1000","500-1000",Backend,"src/scripts/survey-data-complete.json"
370,"Survey 2 - personal-care-product-trial-feedback","Question 4 - Option","1000-2000","1000-2000",Backend,"src/scripts/survey-data-complete.json"
371,"Survey 2 - personal-care-product-trial-feedback","Question 4 - Option","2000-5000","2000-5000",Backend,"src/scripts/survey-data-complete.json"
372,"Survey 2 - personal-care-product-trial-feedback","Question 4 - Option","Above 5000","5000க்கும் மேல்",Backend,"src/scripts/survey-data-complete.json"
373,"Survey 2 - personal-care-product-trial-feedback","Question 5","Are you open to trying new skincare or personal care brands?","புதிய தோல் பராமரிப்பு அல்லது தனிப்பட்ட பராமரிப்பு பிராண்டுகளை முயற்சிக்க நீங்கள் தயாரா?",Backend,"src/scripts/survey-data-complete.json"
374,"Survey 2 - personal-care-product-trial-feedback","Question 5 - Option","Yes","ஆம்",Backend,"src/scripts/survey-data-complete.json"
375,"Survey 2 - personal-care-product-trial-feedback","Question 5 - Option","No","இல்லை",Backend,"src/scripts/survey-data-complete.json"
376,"Survey 2 - personal-care-product-trial-feedback","Question 6","Have you used any skincare product in the last 30 days?","கடைசி 30 நாட்களில் ஏதேனும் தோல் பராமரிப்பு தயாரிப்பு பயன்படுத்தினீர்களா?",Backend,"src/scripts/survey-data-complete.json"
377,"Survey 2 - personal-care-product-trial-feedback","Question 6 - Option","Yes","ஆம்",Backend,"src/scripts/survey-data-complete.json"
378,"Survey 2 - personal-care-product-trial-feedback","Question 6 - Option","No","இல்லை",Backend,"src/scripts/survey-data-complete.json"
379,"Survey 3 - online-banking-experience-benchmark","Question 1","Do you actively use online or mobile banking?","நீங்கள் ஆன்லைன் அல்லது மொபைல் வங்கியை தீவிரமாக பயன்படுத்துகிறீர்களா?",Backend,"src/scripts/survey-data-complete.json"
380,"Survey 3 - online-banking-experience-benchmark","Question 1 - Option","Yes","ஆம்",Backend,"src/scripts/survey-data-complete.json"
381,"Survey 3 - online-banking-experience-benchmark","Question 1 - Option","No","இல்லை",Backend,"src/scripts/survey-data-complete.json"
382,"Survey 3 - online-banking-experience-benchmark","Question 2","How many banking apps do you use regularly?","நீங்கள் எத்தனை வங்கி பயன்பாடுகளை தவறாமல் பயன்படுத்துகிறீர்கள்?",Backend,"src/scripts/survey-data-complete.json"
383,"Survey 3 - online-banking-experience-benchmark","Question 2 - Option","1","1",Backend,"src/scripts/survey-data-complete.json"
384,"Survey 3 - online-banking-experience-benchmark","Question 2 - Option","2","2",Backend,"src/scripts/survey-data-complete.json"
385,"Survey 3 - online-banking-experience-benchmark","Question 2 - Option","3-4","3-4",Backend,"src/scripts/survey-data-complete.json"
386,"Survey 3 - online-banking-experience-benchmark","Question 2 - Option","5 or more","5 அல்லது அதற்கு மேல்",Backend,"src/scripts/survey-data-complete.json"
387,"Survey 3 - online-banking-experience-benchmark","Question 3","Have you made an online transaction in the last 30 days?","கடைசி 30 நாட்களில் ஆன்லைன் பரிவர்த்தனை செய்துள்ளீர்களா?",Backend,"src/scripts/survey-data-complete.json"
388,"Survey 3 - online-banking-experience-benchmark","Question 3 - Option","Yes","ஆம்",Backend,"src/scripts/survey-data-complete.json"
389,"Survey 3 - online-banking-experience-benchmark","Question 3 - Option","No","இல்லை",Backend,"src/scripts/survey-data-complete.json"
390,"Survey 3 - online-banking-experience-benchmark","Question 4","Which bank is your primary provider?","எந்த வங்கி உங்கள் முதன்மை வழங்குநர்?",Backend,"src/scripts/survey-data-complete.json"
391,"Survey 3 - online-banking-experience-benchmark","Question 4 - Option","HDFC","எச்டிஎஃப்சி",Backend,"src/scripts/survey-data-complete.json"
392,"Survey 3 - online-banking-experience-benchmark","Question 4 - Option","ICICI","ஐசிஐசிஐ",Backend,"src/scripts/survey-data-complete.json"
393,"Survey 3 - online-banking-experience-benchmark","Question 4 - Option","SBI","எஸ்பிஐ",Backend,"src/scripts/survey-data-complete.json"
394,"Survey 3 - online-banking-experience-benchmark","Question 4 - Option","Axis","ஆக்சிஸ்",Backend,"src/scripts/survey-data-complete.json"
395,"Survey 3 - online-banking-experience-benchmark","Question 4 - Option","Kotak","கோடக்",Backend,"src/scripts/survey-data-complete.json"
396,"Survey 3 - online-banking-experience-benchmark","Question 4 - Option","Other","மற்றவை",Backend,"src/scripts/survey-data-complete.json"
397,"Survey 3 - online-banking-experience-benchmark","Question 5","How many digital transactions do you perform weekly?","வாரந்தோறும் எத்தனை டிஜிட்டல் பரிவர்த்தனைகள் செய்கிறீர்கள்?",Backend,"src/scripts/survey-data-complete.json"
398,"Survey 3 - online-banking-experience-benchmark","Question 5 - Option","1-5","1-5",Backend,"src/scripts/survey-data-complete.json"
399,"Survey 3 - online-banking-experience-benchmark","Question 5 - Option","6-10","6-10",Backend,"src/scripts/survey-data-complete.json"
400,"Survey 3 - online-banking-experience-benchmark","Question 5 - Option","11-20","11-20",Backend,"src/scripts/survey-data-complete.json"
401,"Survey 3 - online-banking-experience-benchmark","Question 5 - Option","More than 20","More than 20",Backend,"src/scripts/survey-data-complete.json"
402,"Survey 3 - online-banking-experience-benchmark","Question 6","Have you faced an online banking issue in the last 3 months?","கடந்த 3 மாதங்களில் ஆன்லைன் வங்கி பிரச்சனையை எதிர்கொண்டீர்களா?",Backend,"src/scripts/survey-data-complete.json"
403,"Survey 3 - online-banking-experience-benchmark","Question 6 - Option","Yes","ஆம்",Backend,"src/scripts/survey-data-complete.json"
404,"Survey 3 - online-banking-experience-benchmark","Question 6 - Option","No","இல்லை",Backend,"src/scripts/survey-data-complete.json"
405,"Survey 4 - streaming-habits-gen-z","Question 1","What is your age?","உங்கள் வயது என்ன?",Backend,"src/scripts/survey-data-complete.json"
406,"Survey 4 - streaming-habits-gen-z","Question 1 - Option","18-25","18-25",Backend,"src/scripts/survey-data-complete.json"
407,"Survey 4 - streaming-habits-gen-z","Question 1 - Option","26-35","26-35",Backend,"src/scripts/survey-data-complete.json"
408,"Survey 4 - streaming-habits-gen-z","Question 1 - Option","36-45","36-45",Backend,"src/scripts/survey-data-complete.json"
409,"Survey 4 - streaming-habits-gen-z","Question 1 - Option","46-55","46-55",Backend,"src/scripts/survey-data-complete.json"
410,"Survey 4 - streaming-habits-gen-z","Question 1 - Option","Above 55","55க்கும் மேல்",Backend,"src/scripts/survey-data-complete.json"
411,"Survey 4 - streaming-habits-gen-z","Question 2","Do you use any OTT/streaming platform?","நீங்கள் ஏதேனும் OTT/ஸ்ட்ரீமிங் தளத்தை பயன்படுத்துகிறீர்களா?",Backend,"src/scripts/survey-data-complete.json"
412,"Survey 4 - streaming-habits-gen-z","Question 2 - Option","Yes","ஆம்",Backend,"src/scripts/survey-data-complete.json"
413,"Survey 4 - streaming-habits-gen-z","Question 2 - Option","No","இல்லை",Backend,"src/scripts/survey-data-complete.json"
414,"Survey 4 - streaming-habits-gen-z","Question 3","How many OTT platforms are you currently subscribed to?","தற்போது எத்தனை OTT தளங்களுக்கு சந்தா செலுத்தியுள்ளீர்கள்?",Backend,"src/scripts/survey-data-complete.json"
415,"Survey 4 - streaming-habits-gen-z","Question 3 - Option","1","1",Backend,"src/scripts/survey-data-complete.json"
416,"Survey 4 - streaming-habits-gen-z","Question 3 - Option","2","2",Backend,"src/scripts/survey-data-complete.json"
417,"Survey 4 - streaming-habits-gen-z","Question 3 - Option","3-4","3-4",Backend,"src/scripts/survey-data-complete.json"
418,"Survey 4 - streaming-habits-gen-z","Question 3 - Option","5 or more","5 அல்லது அதற்கு மேல்",Backend,"src/scripts/survey-data-complete.json"
419,"Survey 4 - streaming-habits-gen-z","Question 4","How many hours per week do you stream content?","வாரத்திற்கு எத்தனை மணி நேரம் உள்ளடக்கத்தை ஸ்ட்ரீம் செய்கிறீர்கள்?",Backend,"src/scripts/survey-data-complete.json"
420,"Survey 4 - streaming-habits-gen-z","Question 4 - Option","Less than 5 hours","5 மணி நேரத்திற்கும் குறைவாக",Backend,"src/scripts/survey-data-complete.json"
421,"Survey 4 - streaming-habits-gen-z","Question 4 - Option","5-10 hours","5-10 மணி நேரம்",Backend,"src/scripts/survey-data-complete.json"
422,"Survey 4 - streaming-habits-gen-z","Question 4 - Option","10-20 hours","10-20 மணி நேரம்",Backend,"src/scripts/survey-data-complete.json"
423,"Survey 4 - streaming-habits-gen-z","Question 4 - Option","More than 20 hours","20 மணி நேரத்திற்கும் மேல்",Backend,"src/scripts/survey-data-complete.json"
424,"Survey 4 - streaming-habits-gen-z","Question 5","Have you canceled any OTT subscription in the last year?","கடந்த ஆண்டில் ஏதேனும் OTT சந்தாவை ரத்து செய்தீர்களா?",Backend,"src/scripts/survey-data-complete.json"
425,"Survey 4 - streaming-habits-gen-z","Question 5 - Option","Yes","ஆம்",Backend,"src/scripts/survey-data-complete.json"
426,"Survey 4 - streaming-habits-gen-z","Question 5 - Option","No","இல்லை",Backend,"src/scripts/survey-data-complete.json"
427,"Survey 4 - streaming-habits-gen-z","Question 6","Do you use shared OTT accounts?","பகிரப்பட்ட OTT கணக்குகளை பயன்படுத்துகிறீர்களா?",Backend,"src/scripts/survey-data-complete.json"
428,"Survey 4 - streaming-habits-gen-z","Question 6 - Option","Yes","ஆம்",Backend,"src/scripts/survey-data-complete.json"
429,"Survey 4 - streaming-habits-gen-z","Question 6 - Option","No","இல்லை",Backend,"src/scripts/survey-data-complete.json"
430,"Survey 5 - electric-two-wheeler-purchase-intent","Question 1","Do you currently own a two-wheeler?","உங்களிடம் தற்போது இரு சக்கர வாகனம் உள்ளதா?",Backend,"src/scripts/survey-data-complete.json"
431,"Survey 5 - electric-two-wheeler-purchase-intent","Question 1 - Option","Yes","ஆம்",Backend,"src/scripts/survey-data-complete.json"
432,"Survey 5 - electric-two-wheeler-purchase-intent","Question 1 - Option","No","இல்லை",Backend,"src/scripts/survey-data-complete.json"
433,"Survey 5 - electric-two-wheeler-purchase-intent","Question 2","Are you planning to purchase a two-wheeler within the next 12 months?","அடுத்த 12 மாதங்களில் இரு சக்கர வாகனம் வாங்க திட்டமிட்டுள்ளீர்களா?",Backend,"src/scripts/survey-data-complete.json"
434,"Survey 5 - electric-two-wheeler-purchase-intent","Question 2 - Option","Yes","ஆம்",Backend,"src/scripts/survey-data-complete.json"
435,"Survey 5 - electric-two-wheeler-purchase-intent","Question 2 - Option","No","இல்லை",Backend,"src/scripts/survey-data-complete.json"
436,"Survey 5 - electric-two-wheeler-purchase-intent","Question 2 - Option","Not sure","உறுதியாக தெரியவில்லை",Backend,"src/scripts/survey-data-complete.json"
437,"Survey 5 - electric-two-wheeler-purchase-intent","Question 3","Have you ever test-ridden an electric two-wheeler?","மின்சார இரு சக்கர வாகனத்தை சோதனையாக ஓட்டியிருக்கிறீர்களா?",Backend,"src/scripts/survey-data-complete.json"
438,"Survey 5 - electric-two-wheeler-purchase-intent","Question 3 - Option","Yes","ஆம்",Backend,"src/scripts/survey-data-complete.json"
439,"Survey 5 - electric-two-wheeler-purchase-intent","Question 3 - Option","No","இல்லை",Backend,"src/scripts/survey-data-complete.json"
440,"Survey 5 - electric-two-wheeler-purchase-intent","Question 4","What is your approximate budget for a new two-wheeler? (in INR)","புதிய இரு சக்கர வாகனத்திற்கு உங்கள் தோராயமான பட்ஜெட் என்ன (ரூபாயில்)?",Backend,"src/scripts/survey-data-complete.json"
441,"Survey 5 - electric-two-wheeler-purchase-intent","Question 4 - Option","Under 50,000","50,000க்கும் குறைவாக",Backend,"src/scripts/survey-data-complete.json"
442,"Survey 5 - electric-two-wheeler-purchase-intent","Question 4 - Option","50,000-1,00,000","50,000-1,00,000",Backend,"src/scripts/survey-data-complete.json"
443,"Survey 5 - electric-two-wheeler-purchase-intent","Question 4 - Option","1,00,000-1,50,000","1,00,000-1,50,000",Backend,"src/scripts/survey-data-complete.json"
444,"Survey 5 - electric-two-wheeler-purchase-intent","Question 4 - Option","Above 1,50,000","1,50,000க்கும் மேல்",Backend,"src/scripts/survey-data-complete.json"
445,"Survey 5 - electric-two-wheeler-purchase-intent","Question 5","What is your typical daily travel distance? (in km)","உங்கள் வழக்கமான தினசரி பயண தூரம் என்ன (கிமீயில்)?",Backend,"src/scripts/survey-data-complete.json"
446,"Survey 5 - electric-two-wheeler-purchase-intent","Question 5 - Option","Less than 10 km","10 கிமீக்கும் குறைவாக",Backend,"src/scripts/survey-data-complete.json"
447,"Survey 5 - electric-two-wheeler-purchase-intent","Question 5 - Option","10-20 km","10-20 கிமீ",Backend,"src/scripts/survey-data-complete.json"
448,"Survey 5 - electric-two-wheeler-purchase-intent","Question 5 - Option","20-50 km","20-50 கிமீ",Backend,"src/scripts/survey-data-complete.json"
449,"Survey 5 - electric-two-wheeler-purchase-intent","Question 5 - Option","More than 50 km","50 கிமீக்கும் மேல்",Backend,"src/scripts/survey-data-complete.json"
450,"Survey 5 - electric-two-wheeler-purchase-intent","Question 6","Do you have access to charging facilities at home or work?","வீட்டிலோ அல்லது வேலையிடத்திலோ சார்ஜிங் வசதிகள் உள்ளதா?",Backend,"src/scripts/survey-data-complete.json"
451,"Survey 5 - electric-two-wheeler-purchase-intent","Question 6 - Option","Yes","ஆம்",Backend,"src/scripts/survey-data-complete.json"
452,"Survey 5 - electric-two-wheeler-purchase-intent","Question 6 - Option","No","இல்லை",Backend,"src/scripts/survey-data-complete.json"
453,"Survey 6 - grocery-shopping-patterns-tier2","Question 1","Do you handle grocery shopping for your household?","உங்கள் குடும்பத்திற்கான மளிகை சாமான் வாங்குதலை நீங்கள் கையாளுகிறீர்களா?",Backend,"src/scripts/survey-data-complete.json"
454,"Survey 6 - grocery-shopping-patterns-tier2","Question 1 - Option","Yes","ஆம்",Backend,"src/scripts/survey-data-complete.json"
455,"Survey 6 - grocery-shopping-patterns-tier2","Question 1 - Option","No","இல்லை",Backend,"src/scripts/survey-data-complete.json"
456,"Survey 6 - grocery-shopping-patterns-tier2","Question 2","How many times do you purchase groceries per week?","வாரத்திற்கு எத்தனை முறை மளிகை சாமான்கள் வாங்குகிறீர்கள்?",Backend,"src/scripts/survey-data-complete.json"
457,"Survey 6 - grocery-shopping-patterns-tier2","Question 2 - Option","1 time","1 முறை",Backend,"src/scripts/survey-data-complete.json"
458,"Survey 6 - grocery-shopping-patterns-tier2","Question 2 - Option","2 times","2 முறை",Backend,"src/scripts/survey-data-complete.json"
459,"Survey 6 - grocery-shopping-patterns-tier2","Question 2 - Option","3-4 times","3-4 முறை",Backend,"src/scripts/survey-data-complete.json"
460,"Survey 6 - grocery-shopping-patterns-tier2","Question 2 - Option","5 or more times","5 அல்லது அதற்கு மேல்",Backend,"src/scripts/survey-data-complete.json"
461,"Survey 6 - grocery-shopping-patterns-tier2","Question 3","What is your monthly grocery spend? (in INR)","உங்கள் மாதாந்திர மளிகை செலவு என்ன (ரூபாயில்)?",Backend,"src/scripts/survey-data-complete.json"
462,"Survey 6 - grocery-shopping-patterns-tier2","Question 3 - Option","Under 5,000","5,000க்கும் குறைவாக",Backend,"src/scripts/survey-data-complete.json"
463,"Survey 6 - grocery-shopping-patterns-tier2","Question 3 - Option","5,000-10,000","5,000-10,000",Backend,"src/scripts/survey-data-complete.json"
464,"Survey 6 - grocery-shopping-patterns-tier2","Question 3 - Option","10,000-20,000","10,000-20,000",Backend,"src/scripts/survey-data-complete.json"
465,"Survey 6 - grocery-shopping-patterns-tier2","Question 3 - Option","20,000-30,000","20,000-30,000",Backend,"src/scripts/survey-data-complete.json"
466,"Survey 6 - grocery-shopping-patterns-tier2","Question 3 - Option","Above 30,000","30,000க்கும் மேல்",Backend,"src/scripts/survey-data-complete.json"
467,"Survey 6 - grocery-shopping-patterns-tier2","Question 4","Do you live in a Tier-2 city?","நீங்கள் டையர்-2 நகரத்தில் வசிக்கிறீர்களா?",Backend,"src/scripts/survey-data-complete.json"
468,"Survey 6 - grocery-shopping-patterns-tier2","Question 4 - Option","Yes","ஆம்",Backend,"src/scripts/survey-data-complete.json"
469,"Survey 6 - grocery-shopping-patterns-tier2","Question 4 - Option","No","இல்லை",Backend,"src/scripts/survey-data-complete.json"
470,"Survey 6 - grocery-shopping-patterns-tier2","Question 5","Which online grocery platforms do you use?","எந்த ஆன்லைன் மளிகை தளங்களை பயன்படுத்துகிறீர்கள்?",Backend,"src/scripts/survey-data-complete.json"
471,"Survey 6 - grocery-shopping-patterns-tier2","Question 5 - Option","Blinkit","பிளின்கிட்",Backend,"src/scripts/survey-data-complete.json"
472,"Survey 6 - grocery-shopping-patterns-tier2","Question 5 - Option","Zepto","செப்டோ",Backend,"src/scripts/survey-data-complete.json"
473,"Survey 6 - grocery-shopping-patterns-tier2","Question 5 - Option","BigBasket","பிக்பாஸ்கெட்",Backend,"src/scripts/survey-data-complete.json"
474,"Survey 6 - grocery-shopping-patterns-tier2","Question 5 - Option","JioMart","ஜியோமார்ட்",Backend,"src/scripts/survey-data-complete.json"
475,"Survey 6 - grocery-shopping-patterns-tier2","Question 5 - Option","Other","மற்றவை",Backend,"src/scripts/survey-data-complete.json"
476,"Survey 6 - grocery-shopping-patterns-tier2","Question 6","What percentage of your grocery shopping is online?","உங்கள் மளிகை வாங்குதலில் எவ்வளவு சதவீதம் ஆன்லைனில் உள்ளது?",Backend,"src/scripts/survey-data-complete.json"
477,"Survey 6 - grocery-shopping-patterns-tier2","Question 6 - Option","0%","0%",Backend,"src/scripts/survey-data-complete.json"
478,"Survey 6 - grocery-shopping-patterns-tier2","Question 6 - Option","1–25%","1–25%",Backend,"src/scripts/survey-data-complete.json"
479,"Survey 6 - grocery-shopping-patterns-tier2","Question 6 - Option","26–50%","26–50%",Backend,"src/scripts/survey-data-complete.json"
480,"Survey 6 - grocery-shopping-patterns-tier2","Question 6 - Option","51–75%","51–75%",Backend,"src/scripts/survey-data-complete.json"
481,"Survey 6 - grocery-shopping-patterns-tier2","Question 6 - Option","76–100%","76–100%",Backend,"src/scripts/survey-data-complete.json"
482,"Survey 7 - employee-wellness-programs-effectiveness","Question 1","Are you currently employed full-time?","நீங்கள் தற்போது முழு நேர வேலையில் இருக்கிறீர்களா?",Backend,"src/scripts/survey-data-complete.json"
483,"Survey 7 - employee-wellness-programs-effectiveness","Question 1 - Option","Yes","ஆம்",Backend,"src/scripts/survey-data-complete.json"
484,"Survey 7 - employee-wellness-programs-effectiveness","Question 1 - Option","No","இல்லை",Backend,"src/scripts/survey-data-complete.json"
485,"Survey 7 - employee-wellness-programs-effectiveness","Question 2","Does your employer offer wellness programs?","உங்கள் முதலாளி நல திட்டங்களை வழங்குகிறாரா?",Backend,"src/scripts/survey-data-complete.json"
486,"Survey 7 - employee-wellness-programs-effectiveness","Question 2 - Option","Yes","ஆம்",Backend,"src/scripts/survey-data-complete.json"
487,"Survey 7 - employee-wellness-programs-effectiveness","Question 2 - Option","No","இல்லை",Backend,"src/scripts/survey-data-complete.json"
488,"Survey 7 - employee-wellness-programs-effectiveness","Question 3","Have you participated in any wellness initiative?","ஏதேனும் நல முயற்சியில் பங்கேற்றிருக்கிறீர்களா?",Backend,"src/scripts/survey-data-complete.json"
489,"Survey 7 - employee-wellness-programs-effectiveness","Question 3 - Option","Yes","ஆம்",Backend,"src/scripts/survey-data-complete.json"
490,"Survey 7 - employee-wellness-programs-effectiveness","Question 3 - Option","No","இல்லை",Backend,"src/scripts/survey-data-complete.json"
491,"Survey 7 - employee-wellness-programs-effectiveness","Question 4","How many employees does your company have?","உங்கள் நிறுவனத்தில் எத்தனை ஊழியர்கள் உள்ளனர்?",Backend,"src/scripts/survey-data-complete.json"
492,"Survey 7 - employee-wellness-programs-effectiveness","Question 4 - Option","1-50","1-50",Backend,"src/scripts/survey-data-complete.json"
493,"Survey 7 - employee-wellness-programs-effectiveness","Question 4 - Option","51-200","51-200",Backend,"src/scripts/survey-data-complete.json"
494,"Survey 7 - employee-wellness-programs-effectiveness","Question 4 - Option","201-500","201-500",Backend,"src/scripts/survey-data-complete.json"
495,"Survey 7 - employee-wellness-programs-effectiveness","Question 4 - Option","501-1000","501-1000",Backend,"src/scripts/survey-data-complete.json"
496,"Survey 7 - employee-wellness-programs-effectiveness","Question 4 - Option","More than 1000","1000க்கும் மேல்",Backend,"src/scripts/survey-data-complete.json"
497,"Survey 7 - employee-wellness-programs-effectiveness","Question 5","Do you actively use wellness benefits from your employer?","உங்கள் முதலாளியிடமிருந்து நல நலன்களை தீவிரமாக பயன்படுத்துகிறீர்களா?",Backend,"src/scripts/survey-data-complete.json"
498,"Survey 7 - employee-wellness-programs-effectiveness","Question 5 - Option","Yes","ஆம்",Backend,"src/scripts/survey-data-complete.json"
499,"Survey 7 - employee-wellness-programs-effectiveness","Question 5 - Option","No","இல்லை",Backend,"src/scripts/survey-data-complete.json"
500,"Survey 7 - employee-wellness-programs-effectiveness","Question 6","How long have you been with your current employer? (in years)","உங்கள் தற்போதைய முதலாளியுடன் எவ்வளவு காலம் இருக்கிறீர்கள் (வருடங்களில்)?",Backend,"src/scripts/survey-data-complete.json"
501,"Survey 7 - employee-wellness-programs-effectiveness","Question 6 - Option","Less than 1 year","1 வருடத்திற்கும் குறைவாக",Backend,"src/scripts/survey-data-complete.json"
502,"Survey 7 - employee-wellness-programs-effectiveness","Question 6 - Option","1-3 years","1-3 வருடங்கள்",Backend,"src/scripts/survey-data-complete.json"
503,"Survey 7 - employee-wellness-programs-effectiveness","Question 6 - Option","3-5 years","3-5 வருடங்கள்",Backend,"src/scripts/survey-data-complete.json"
504,"Survey 7 - employee-wellness-programs-effectiveness","Question 6 - Option","5-10 years","5-10 வருடங்கள்",Backend,"src/scripts/survey-data-complete.json"
505,"Survey 7 - employee-wellness-programs-effectiveness","Question 6 - Option","More than 10 years","10 வருடங்களுக்கும் மேல்",Backend,"src/scripts/survey-data-complete.json"
506,"Survey 8 - voter-awareness-sentiment-pulse","Question 1","Are you eligible to vote?","நீங்கள் வாக்களிக்க தகுதியுடையவரா?",Backend,"src/scripts/survey-data-complete.json"
507,"Survey 8 - voter-awareness-sentiment-pulse","Question 1 - Option","Yes","ஆம்",Backend,"src/scripts/survey-data-complete.json"
508,"Survey 8 - voter-awareness-sentiment-pulse","Question 1 - Option","No","இல்லை",Backend,"src/scripts/survey-data-complete.json"
509,"Survey 8 - voter-awareness-sentiment-pulse","Question 2","Have you voted in a previous election?","முந்தைய தேர்தலில் வாக்களித்தீர்களா?",Backend,"src/scripts/survey-data-complete.json"
510,"Survey 8 - voter-awareness-sentiment-pulse","Question 2 - Option","Yes","ஆம்",Backend,"src/scripts/survey-data-complete.json"
511,"Survey 8 - voter-awareness-sentiment-pulse","Question 2 - Option","No","இல்லை",Backend,"src/scripts/survey-data-complete.json"
512,"Survey 8 - voter-awareness-sentiment-pulse","Question 3","Do you regularly follow political news?","நீங்கள் அரசியல் செய்திகளை தவறாமல் பின்பற்றுகிறீர்களா?",Backend,"src/scripts/survey-data-complete.json"
513,"Survey 8 - voter-awareness-sentiment-pulse","Question 3 - Option","Yes","ஆம்",Backend,"src/scripts/survey-data-complete.json"
514,"Survey 8 - voter-awareness-sentiment-pulse","Question 3 - Option","No","இல்லை",Backend,"src/scripts/survey-data-complete.json"
515,"Survey 8 - voter-awareness-sentiment-pulse","Question 4","Do you consume political content on social media?","சமூக ஊடகத்தில் அரசியல் உள்ளடக்கத்தை பயன்படுத்துகிறீர்களா?",Backend,"src/scripts/survey-data-complete.json"
516,"Survey 8 - voter-awareness-sentiment-pulse","Question 4 - Option","Yes","ஆம்",Backend,"src/scripts/survey-data-complete.json"
517,"Survey 8 - voter-awareness-sentiment-pulse","Question 4 - Option","No","இல்லை",Backend,"src/scripts/survey-data-complete.json"
518,"Survey 8 - voter-awareness-sentiment-pulse","Question 5","Are you aware of your local political candidates?","உங்கள் உள்ளூர் அரசியல் வேட்பாளர்களை பற்றி அறிவீர்களா?",Backend,"src/scripts/survey-data-complete.json"
519,"Survey 8 - voter-awareness-sentiment-pulse","Question 5 - Option","Yes","ஆம்",Backend,"src/scripts/survey-data-complete.json"
520,"Survey 8 - voter-awareness-sentiment-pulse","Question 5 - Option","No","இல்லை",Backend,"src/scripts/survey-data-complete.json"
521,"Survey 8 - voter-awareness-sentiment-pulse","Question 6","How often do you discuss political or civic issues monthly?","மாதாந்திரம் எத்தனை முறை அரசியல் அல்லது குடிமை பிரச்சினைகளை விவாதிக்கிறீர்கள்?",Backend,"src/scripts/survey-data-complete.json"
522,"Survey 8 - voter-awareness-sentiment-pulse","Question 6 - Option","1-2 times","1-2 முறை",Backend,"src/scripts/survey-data-complete.json"
523,"Survey 8 - voter-awareness-sentiment-pulse","Question 6 - Option","3-5 times","3-5 முறை",Backend,"src/scripts/survey-data-complete.json"
524,"Survey 8 - voter-awareness-sentiment-pulse","Question 6 - Option","6-10 times","6-10 முறை",Backend,"src/scripts/survey-data-complete.json"
525,"Survey 8 - voter-awareness-sentiment-pulse","Question 6 - Option","More than 10 times","10 முறைக்கும் மேல்",Backend,"src/scripts/survey-data-complete.json"
526,"Survey 9 - ott-subscription-renewal-drivers","Question 1","Are you currently subscribed to any OTT platform?","தற்போது ஏதேனும் OTT தளத்திற்கு சந்தா செலுத்தியுள்ளீர்களா?",Backend,"src/scripts/survey-data-complete.json"
527,"Survey 9 - ott-subscription-renewal-drivers","Question 1 - Option","Yes","ஆம்",Backend,"src/scripts/survey-data-complete.json"
528,"Survey 9 - ott-subscription-renewal-drivers","Question 1 - Option","No","இல்லை",Backend,"src/scripts/survey-data-complete.json"
529,"Survey 9 - ott-subscription-renewal-drivers","Question 2","Have you renewed any OTT subscription in the last 6 months?","கடந்த 6 மாதங்களில் ஏதேனும் OTT சந்தாவை புதுப்பித்துள்ளீர்களா?",Backend,"src/scripts/survey-data-complete.json"
530,"Survey 9 - ott-subscription-renewal-drivers","Question 2 - Option","Yes","ஆம்",Backend,"src/scripts/survey-data-complete.json"
531,"Survey 9 - ott-subscription-renewal-drivers","Question 2 - Option","No","இல்லை",Backend,"src/scripts/survey-data-complete.json"
532,"Survey 9 - ott-subscription-renewal-drivers","Question 3","Have you cancelled any OTT subscription in the last year?","Have you cancelled any OTT subscription in the last year?",Backend,"src/scripts/survey-data-complete.json"
533,"Survey 9 - ott-subscription-renewal-drivers","Question 3 - Option","Yes","ஆம்",Backend,"src/scripts/survey-data-complete.json"
534,"Survey 9 - ott-subscription-renewal-drivers","Question 3 - Option","No","இல்லை",Backend,"src/scripts/survey-data-complete.json"
535,"Survey 9 - ott-subscription-renewal-drivers","Question 4","Which OTT platform do you use most?","எந்த OTT தளத்தை அதிகம் பயன்படுத்துகிறீர்கள்?",Backend,"src/scripts/survey-data-complete.json"
536,"Survey 9 - ott-subscription-renewal-drivers","Question 4 - Option","Netflix","நெட்ஃப்ளிக்ஸ்",Backend,"src/scripts/survey-data-complete.json"
537,"Survey 9 - ott-subscription-renewal-drivers","Question 4 - Option","Amazon Prime","அமேசான் பிரைம்",Backend,"src/scripts/survey-data-complete.json"
538,"Survey 9 - ott-subscription-renewal-drivers","Question 4 - Option","Disney+ Hotstar","டிஸ்னி+ ஹாட்ஸ்டார்",Backend,"src/scripts/survey-data-complete.json"
539,"Survey 9 - ott-subscription-renewal-drivers","Question 4 - Option","Sony LIV","சோனி லிவ்",Backend,"src/scripts/survey-data-complete.json"
540,"Survey 9 - ott-subscription-renewal-drivers","Question 4 - Option","Other","மற்றவை",Backend,"src/scripts/survey-data-complete.json"
541,"Survey 9 - ott-subscription-renewal-drivers","Question 5","How many OTT subscriptions do you currently pay for?","தற்போது எத்தனை OTT சந்தாக்களுக்கு பணம் செலுத்துகிறீர்கள்?",Backend,"src/scripts/survey-data-complete.json"
542,"Survey 9 - ott-subscription-renewal-drivers","Question 5 - Option","1","1",Backend,"src/scripts/survey-data-complete.json"
543,"Survey 9 - ott-subscription-renewal-drivers","Question 5 - Option","2","2",Backend,"src/scripts/survey-data-complete.json"
544,"Survey 9 - ott-subscription-renewal-drivers","Question 5 - Option","3-4","3-4",Backend,"src/scripts/survey-data-complete.json"
545,"Survey 9 - ott-subscription-renewal-drivers","Question 5 - Option","5 or more","5 அல்லது அதற்கு மேல்",Backend,"src/scripts/survey-data-complete.json"
546,"Survey 9 - ott-subscription-renewal-drivers","Question 6","Do you get OTT subscriptions bundled through telecom or other services?","தொலைத் தொடர்பு அல்லது பிற சேவைகள் மூலம் OTT சந்தாக்களை பெறுகிறீர்களா?",Backend,"src/scripts/survey-data-complete.json"
547,"Survey 9 - ott-subscription-renewal-drivers","Question 6 - Option","Yes","ஆம்",Backend,"src/scripts/survey-data-complete.json"
548,"Survey 9 - ott-subscription-renewal-drivers","Question 6 - Option","No","இல்லை",Backend,"src/scripts/survey-data-complete.json"
549,"Survey 10 - insurance-plan-comparison-study","Question 1","Do you currently have any active insurance policy?","தற்போது ஏதேனும் செயலில் உள்ள காப்பீட்டு பாலிசி உள்ளதா?",Backend,"src/scripts/survey-data-complete.json"
550,"Survey 10 - insurance-plan-comparison-study","Question 1 - Option","Yes","ஆம்",Backend,"src/scripts/survey-data-complete.json"
551,"Survey 10 - insurance-plan-comparison-study","Question 1 - Option","No","இல்லை",Backend,"src/scripts/survey-data-complete.json"
552,"Survey 10 - insurance-plan-comparison-study","Question 2","Which types of insurance do you hold?","எந்த வகையான காப்பீட்டை வைத்திருக்கிறீர்கள்?",Backend,"src/scripts/survey-data-complete.json"
553,"Survey 10 - insurance-plan-comparison-study","Question 2 - Option","Health","சுகாதாரம்",Backend,"src/scripts/survey-data-complete.json"
554,"Survey 10 - insurance-plan-comparison-study","Question 2 - Option","Life","ஆயுள்",Backend,"src/scripts/survey-data-complete.json"
555,"Survey 10 - insurance-plan-comparison-study","Question 2 - Option","Motor","மோட்டார்",Backend,"src/scripts/survey-data-complete.json"
556,"Survey 10 - insurance-plan-comparison-study","Question 2 - Option","Term","டேர்ம்",Backend,"src/scripts/survey-data-complete.json"
557,"Survey 10 - insurance-plan-comparison-study","Question 2 - Option","Home","வீடு",Backend,"src/scripts/survey-data-complete.json"
558,"Survey 10 - insurance-plan-comparison-study","Question 2 - Option","Other","மற்றவை",Backend,"src/scripts/survey-data-complete.json"
559,"Survey 10 - insurance-plan-comparison-study","Question 3","Have you compared insurance plans in the last 12 months?","கடந்த 12 மாதங்களில் காப்பீட்டு திட்டங்களை ஒப்பிட்டிருக்கிறீர்களா?",Backend,"src/scripts/survey-data-complete.json"
560,"Survey 10 - insurance-plan-comparison-study","Question 3 - Option","Yes","ஆம்",Backend,"src/scripts/survey-data-complete.json"
561,"Survey 10 - insurance-plan-comparison-study","Question 3 - Option","No","இல்லை",Backend,"src/scripts/survey-data-complete.json"
562,"Survey 10 - insurance-plan-comparison-study","Question 4","Have you filed an insurance claim in the past 3 years?","கடந்த 3 ஆண்டுகளில் காப்பீட்டு கோரிக்கையை தாக்கல் செய்துள்ளீர்களா?",Backend,"src/scripts/survey-data-complete.json"
563,"Survey 10 - insurance-plan-comparison-study","Question 4 - Option","Yes","ஆம்",Backend,"src/scripts/survey-data-complete.json"
564,"Survey 10 - insurance-plan-comparison-study","Question 4 - Option","No","இல்லை",Backend,"src/scripts/survey-data-complete.json"
565,"Survey 10 - insurance-plan-comparison-study","Question 5","What is your typical annual insurance premium budget? (INR)","உங்கள் வழக்கமான வருடாந்திர காப்பீட்டு பிரீமியம் பட்ஜெட் என்ன (ரூபாயில்)?",Backend,"src/scripts/survey-data-complete.json"
566,"Survey 10 - insurance-plan-comparison-study","Question 5 - Option","Under 10,000","10,000க்கும் குறைவாக",Backend,"src/scripts/survey-data-complete.json"
567,"Survey 10 - insurance-plan-comparison-study","Question 5 - Option","10,000-25,000","10,000-25,000",Backend,"src/scripts/survey-data-complete.json"
568,"Survey 10 - insurance-plan-comparison-study","Question 5 - Option","25,000-50,000","25,000-50,000",Backend,"src/scripts/survey-data-complete.json"
569,"Survey 10 - insurance-plan-comparison-study","Question 5 - Option","50,000-1,00,000","50,000-1,00,000",Backend,"src/scripts/survey-data-complete.json"
570,"Survey 10 - insurance-plan-comparison-study","Question 5 - Option","Above 1,00,000","1,00,000க்கும் மேல்",Backend,"src/scripts/survey-data-complete.json"
571,"Survey 10 - insurance-plan-comparison-study","Question 6","Do you research insurance independently before buying?","வாங்குவதற்கு முன் காப்பீட்டை சுதந்திரமாக ஆராய்ச்சி செய்கிறீர்களா?",Backend,"src/scripts/survey-data-complete.json"
572,"Survey 10 - insurance-plan-comparison-study","Question 6 - Option","Yes","ஆம்",Backend,"src/scripts/survey-data-complete.json"
573,"Survey 10 - insurance-plan-comparison-study","Question 6 - Option","No","இல்லை",Backend,"src/scripts/survey-data-complete.json"
574,"Survey 11 - healthy-snacking-preferences","Question 1","Do you consume packaged snacks weekly?","வாரந்தோறும் பேக் செய்யப்பட்ட தின்பண்டங்களை பயன்படுத்துகிறீர்களா?",Backend,"src/scripts/survey-data-complete.json"
575,"Survey 11 - healthy-snacking-preferences","Question 1 - Option","Yes","ஆம்",Backend,"src/scripts/survey-data-complete.json"
576,"Survey 11 - healthy-snacking-preferences","Question 1 - Option","No","இல்லை",Backend,"src/scripts/survey-data-complete.json"
577,"Survey 11 - healthy-snacking-preferences","Question 2","Are you actively trying to eat healthier?","நீங்கள் ஆரோக்கியமாக சாப்பிட தீவிரமாக முயற்சிக்கிறீர்களா?",Backend,"src/scripts/survey-data-complete.json"
578,"Survey 11 - healthy-snacking-preferences","Question 2 - Option","Yes","ஆம்",Backend,"src/scripts/survey-data-complete.json"
579,"Survey 11 - healthy-snacking-preferences","Question 2 - Option","No","இல்லை",Backend,"src/scripts/survey-data-complete.json"
580,"Survey 11 - healthy-snacking-preferences","Question 3","How often do you purchase healthy snacks monthly?","மாதாந்திரம் எத்தனை முறை ஆரோக்கியமான தின்பண்டங்களை வாங்குகிறீர்கள்?",Backend,"src/scripts/survey-data-complete.json"
581,"Survey 11 - healthy-snacking-preferences","Question 3 - Option","1-2 times","1-2 முறை",Backend,"src/scripts/survey-data-complete.json"
582,"Survey 11 - healthy-snacking-preferences","Question 3 - Option","3-5 times","3-5 முறை",Backend,"src/scripts/survey-data-complete.json"
583,"Survey 11 - healthy-snacking-preferences","Question 3 - Option","6-10 times","6-10 முறை",Backend,"src/scripts/survey-data-complete.json"
584,"Survey 11 - healthy-snacking-preferences","Question 3 - Option","More than 10 times","10 முறைக்கும் மேல்",Backend,"src/scripts/survey-data-complete.json"
585,"Survey 11 - healthy-snacking-preferences","Question 4","What is your monthly spend on snacks? (INR)","தின்பண்டங்களுக்கு உங்கள் மாதாந்திர செலவு என்ன (ரூபாயில்)?",Backend,"src/scripts/survey-data-complete.json"
586,"Survey 11 - healthy-snacking-preferences","Question 4 - Option","Under 500","500க்கும் குறைவாக",Backend,"src/scripts/survey-data-complete.json"
587,"Survey 11 - healthy-snacking-preferences","Question 4 - Option","500-1000","500-1000",Backend,"src/scripts/survey-data-complete.json"
588,"Survey 11 - healthy-snacking-preferences","Question 4 - Option","1000-2000","1000-2000",Backend,"src/scripts/survey-data-complete.json"
589,"Survey 11 - healthy-snacking-preferences","Question 4 - Option","2000-5000","2000-5000",Backend,"src/scripts/survey-data-complete.json"
590,"Survey 11 - healthy-snacking-preferences","Question 4 - Option","Above 5000","5000க்கும் மேல்",Backend,"src/scripts/survey-data-complete.json"
591,"Survey 11 - healthy-snacking-preferences","Question 5","Do ingredient labels influence your purchase decisions?","மூலப்பொருள் லேபிள்கள் உங்கள் வாங்கும் முடிவுகளை பாதிக்கின்றனவா?",Backend,"src/scripts/survey-data-complete.json"
592,"Survey 11 - healthy-snacking-preferences","Question 5 - Option","Yes","ஆம்",Backend,"src/scripts/survey-data-complete.json"
593,"Survey 11 - healthy-snacking-preferences","Question 5 - Option","No","இல்லை",Backend,"src/scripts/survey-data-complete.json"
594,"Survey 11 - healthy-snacking-preferences","Question 6","Have you tried any new healthy snack brand recently?","சமீபத்தில் ஏதேனும் புதிய ஆரோக்கியமான தின்பண்டம் பிராண்டை முயற்சித்தீர்களா?",Backend,"src/scripts/survey-data-complete.json"
595,"Survey 11 - healthy-snacking-preferences","Question 6 - Option","Yes","ஆம்",Backend,"src/scripts/survey-data-complete.json"
596,"Survey 11 - healthy-snacking-preferences","Question 6 - Option","No","இல்லை",Backend,"src/scripts/survey-data-complete.json"
597,"Survey 12 - electric-appliance-brand-recall","Question 1","Have you purchased any electric appliance in the past 2 years?","கடந்த 2 ஆண்டுகளில் ஏதேனும் மின்சார உபகரணம் வாங்கியுள்ளீர்களா?",Backend,"src/scripts/survey-data-complete.json"
598,"Survey 12 - electric-appliance-brand-recall","Question 1 - Option","Yes","ஆம்",Backend,"src/scripts/survey-data-complete.json"
599,"Survey 12 - electric-appliance-brand-recall","Question 1 - Option","No","இல்லை",Backend,"src/scripts/survey-data-complete.json"
600,"Survey 12 - electric-appliance-brand-recall","Question 2","Which appliance categories have you purchased?","எந்த உபகரண வகைகளை வாங்கியுள்ளீர்கள்?",Backend,"src/scripts/survey-data-complete.json"
601,"Survey 12 - electric-appliance-brand-recall","Question 2 - Option","TV","டிவி",Backend,"src/scripts/survey-data-complete.json"
602,"Survey 12 - electric-appliance-brand-recall","Question 2 - Option","Refrigerator","குளிர்சாதனப் பெட்டி",Backend,"src/scripts/survey-data-complete.json"
603,"Survey 12 - electric-appliance-brand-recall","Question 2 - Option","AC","ஏ.சி",Backend,"src/scripts/survey-data-complete.json"
604,"Survey 12 - electric-appliance-brand-recall","Question 2 - Option","Washing Machine","துவைக்கும் இயந்திரம்",Backend,"src/scripts/survey-data-complete.json"
605,"Survey 12 - electric-appliance-brand-recall","Question 2 - Option","Microwave","மைக்ரோவேவ்",Backend,"src/scripts/survey-data-complete.json"
606,"Survey 12 - electric-appliance-brand-recall","Question 2 - Option","Other","மற்றவை",Backend,"src/scripts/survey-data-complete.json"
607,"Survey 12 - electric-appliance-brand-recall","Question 3","Do you research brands before buying appliances?","உபகரணங்களை வாங்குவதற்கு முன் பிராண்டுகளை ஆராய்ச்சி செய்கிறீர்களா?",Backend,"src/scripts/survey-data-complete.json"
608,"Survey 12 - electric-appliance-brand-recall","Question 3 - Option","Yes","ஆம்",Backend,"src/scripts/survey-data-complete.json"
609,"Survey 12 - electric-appliance-brand-recall","Question 3 - Option","No","இல்லை",Backend,"src/scripts/survey-data-complete.json"
610,"Survey 12 - electric-appliance-brand-recall","Question 4","Can you recall at least 3 appliance brands?","குறைந்தபட்சம் 3 உபகரண பிராண்டுகளை நினைவுகூர முடியுமா?",Backend,"src/scripts/survey-data-complete.json"
611,"Survey 12 - electric-appliance-brand-recall","Question 4 - Option","Yes","ஆம்",Backend,"src/scripts/survey-data-complete.json"
612,"Survey 12 - electric-appliance-brand-recall","Question 4 - Option","No","இல்லை",Backend,"src/scripts/survey-data-complete.json"
613,"Survey 12 - electric-appliance-brand-recall","Question 5","Do you pay attention to appliance advertisements?","உபகரண விளம்பரங்களை கவனிக்கிறீர்களா?",Backend,"src/scripts/survey-data-complete.json"
614,"Survey 12 - electric-appliance-brand-recall","Question 5 - Option","Yes","ஆம்",Backend,"src/scripts/survey-data-complete.json"
615,"Survey 12 - electric-appliance-brand-recall","Question 5 - Option","No","இல்லை",Backend,"src/scripts/survey-data-complete.json"
616,"Survey 12 - electric-appliance-brand-recall","Question 6","Are you the primary decision-maker for appliance purchases?","உபகரண வாங்குதலுக்கு நீங்கள் முதன்மை முடிவெடுப்பவரா?",Backend,"src/scripts/survey-data-complete.json"
617,"Survey 12 - electric-appliance-brand-recall","Question 6 - Option","Yes","ஆம்",Backend,"src/scripts/survey-data-complete.json"
618,"Survey 12 - electric-appliance-brand-recall","Question 6 - Option","No","இல்லை",Backend,"src/scripts/survey-data-complete.json"
619,"Survey 13 - ride-hailing-app-satisfaction","Question 1","Do you use ride-hailing apps?","சவாரி அழைப்பு பயன்பாடுகளை பயன்படுத்துகிறீர்களா?",Backend,"src/scripts/survey-data-complete.json"
620,"Survey 13 - ride-hailing-app-satisfaction","Question 1 - Option","Yes","ஆம்",Backend,"src/scripts/survey-data-complete.json"
621,"Survey 13 - ride-hailing-app-satisfaction","Question 1 - Option","No","இல்லை",Backend,"src/scripts/survey-data-complete.json"
622,"Survey 13 - ride-hailing-app-satisfaction","Question 2","How many rides do you book per month?","மாதத்திற்கு எத்தனை சவாரிகளை பதிவு செய்கிறீர்கள்?",Backend,"src/scripts/survey-data-complete.json"
623,"Survey 13 - ride-hailing-app-satisfaction","Question 2 - Option","1-5 rides","1-5 சவாரிகள்",Backend,"src/scripts/survey-data-complete.json"
624,"Survey 13 - ride-hailing-app-satisfaction","Question 2 - Option","6-10 rides","6-10 சவாரிகள்",Backend,"src/scripts/survey-data-complete.json"
625,"Survey 13 - ride-hailing-app-satisfaction","Question 2 - Option","11-20 rides","11-20 சவாரிகள்",Backend,"src/scripts/survey-data-complete.json"
626,"Survey 13 - ride-hailing-app-satisfaction","Question 2 - Option","More than 20 rides","20 சவாரிகளுக்கும் மேல்",Backend,"src/scripts/survey-data-complete.json"
627,"Survey 13 - ride-hailing-app-satisfaction","Question 3","Which ride-hailing app do you use most?","எந்த சவாரி அழைப்பு பயன்பாட்டை அதிகம் பயன்படுத்துகிறீர்கள்?",Backend,"src/scripts/survey-data-complete.json"
628,"Survey 13 - ride-hailing-app-satisfaction","Question 3 - Option","Uber","உபர்",Backend,"src/scripts/survey-data-complete.json"
629,"Survey 13 - ride-hailing-app-satisfaction","Question 3 - Option","Ola","ஓலா",Backend,"src/scripts/survey-data-complete.json"
630,"Survey 13 - ride-hailing-app-satisfaction","Question 3 - Option","Rapido","ராபிடோ",Backend,"src/scripts/survey-data-complete.json"
631,"Survey 13 - ride-hailing-app-satisfaction","Question 3 - Option","Other","மற்றவை",Backend,"src/scripts/survey-data-complete.json"
632,"Survey 13 - ride-hailing-app-satisfaction","Question 4","Have you faced any issues with ride-hailing recently?","சமீபத்தில் சவாரி அழைப்பில் ஏதேனும் பிரச்சனைகளை எதிர்கொண்டீர்களா?",Backend,"src/scripts/survey-data-complete.json"
633,"Survey 13 - ride-hailing-app-satisfaction","Question 4 - Option","Yes","ஆம்",Backend,"src/scripts/survey-data-complete.json"
634,"Survey 13 - ride-hailing-app-satisfaction","Question 4 - Option","No","இல்லை",Backend,"src/scripts/survey-data-complete.json"
635,"Survey 13 - ride-hailing-app-satisfaction","Question 5","Do you use ride-hailing mostly for work or personal use?","சவாரி அழைப்பை பெரும்பாலும் வேலை அல்லது தனிப்பட்ட பயன்பாட்டிற்கு பயன்படுத்துகிறீர்களா?",Backend,"src/scripts/survey-data-complete.json"
636,"Survey 13 - ride-hailing-app-satisfaction","Question 5 - Option","Work","வேலை",Backend,"src/scripts/survey-data-complete.json"
637,"Survey 13 - ride-hailing-app-satisfaction","Question 5 - Option","Personal","தனிப்பட்ட",Backend,"src/scripts/survey-data-complete.json"
638,"Survey 13 - ride-hailing-app-satisfaction","Question 5 - Option","Both","இரண்டும்",Backend,"src/scripts/survey-data-complete.json"
639,"Survey 13 - ride-hailing-app-satisfaction","Question 6","Do surge prices affect your usage?","உயர் விலைகள் உங்கள் பயன்பாட்டை பாதிக்கின்றனவா?",Backend,"src/scripts/survey-data-complete.json"
640,"Survey 13 - ride-hailing-app-satisfaction","Question 6 - Option","Yes","ஆம்",Backend,"src/scripts/survey-data-complete.json"
641,"Survey 13 - ride-hailing-app-satisfaction","Question 6 - Option","No","இல்லை",Backend,"src/scripts/survey-data-complete.json"
642,"Survey 14 - beauty-skincare-product-trial","Question 1","Do you use skincare products regularly?","தோல் பராமரிப்பு தயாரிப்புகளை தவறாமல் பயன்படுத்துகிறீர்களா?",Backend,"src/scripts/survey-data-complete.json"
643,"Survey 14 - beauty-skincare-product-trial","Question 1 - Option","Yes","ஆம்",Backend,"src/scripts/survey-data-complete.json"
644,"Survey 14 - beauty-skincare-product-trial","Question 1 - Option","No","இல்லை",Backend,"src/scripts/survey-data-complete.json"
645,"Survey 14 - beauty-skincare-product-trial","Question 2","Have you used any skincare product in the last 30 days?","கடைசி 30 நாட்களில் ஏதேனும் தோல் பராமரிப்பு தயாரிப்பு பயன்படுத்தினீர்களா?",Backend,"src/scripts/survey-data-complete.json"
646,"Survey 14 - beauty-skincare-product-trial","Question 2 - Option","Yes","ஆம்",Backend,"src/scripts/survey-data-complete.json"
647,"Survey 14 - beauty-skincare-product-trial","Question 2 - Option","No","இல்லை",Backend,"src/scripts/survey-data-complete.json"
648,"Survey 14 - beauty-skincare-product-trial","Question 3","What is your monthly skincare spend? (INR)","உங்கள் மாதாந்திர தோல் பராமரிப்பு செலவு என்ன (ரூபாயில்)?",Backend,"src/scripts/survey-data-complete.json"
649,"Survey 14 - beauty-skincare-product-trial","Question 3 - Option","Under 500","500க்கும் குறைவாக",Backend,"src/scripts/survey-data-complete.json"
650,"Survey 14 - beauty-skincare-product-trial","Question 3 - Option","500-1000","500-1000",Backend,"src/scripts/survey-data-complete.json"
651,"Survey 14 - beauty-skincare-product-trial","Question 3 - Option","1000-2500","1000-2500",Backend,"src/scripts/survey-data-complete.json"
652,"Survey 14 - beauty-skincare-product-trial","Question 3 - Option","2500-5000","2500-5000",Backend,"src/scripts/survey-data-complete.json"
653,"Survey 14 - beauty-skincare-product-trial","Question 3 - Option","Above 5000","5000க்கும் மேல்",Backend,"src/scripts/survey-data-complete.json"
654,"Survey 14 - beauty-skincare-product-trial","Question 4","Do you follow a regular skincare routine?","வழக்கமான தோல் பராமரிப்பு வழக்கத்தை பின்பற்றுகிறீர்களா?",Backend,"src/scripts/survey-data-complete.json"
655,"Survey 14 - beauty-skincare-product-trial","Question 4 - Option","Yes","ஆம்",Backend,"src/scripts/survey-data-complete.json"
656,"Survey 14 - beauty-skincare-product-trial","Question 4 - Option","No","இல்லை",Backend,"src/scripts/survey-data-complete.json"
657,"Survey 14 - beauty-skincare-product-trial","Question 5","Are you comfortable trying new skincare brands?","புதிய தோல் பராமரிப்பு பிராண்டுகளை முயற்சிக்க வசதியாக உள்ளதா?",Backend,"src/scripts/survey-data-complete.json"
658,"Survey 14 - beauty-skincare-product-trial","Question 5 - Option","Yes","ஆம்",Backend,"src/scripts/survey-data-complete.json"
659,"Survey 14 - beauty-skincare-product-trial","Question 5 - Option","No","இல்லை",Backend,"src/scripts/survey-data-complete.json"
660,"Survey 14 - beauty-skincare-product-trial","Question 6","Do you have sensitive or allergy-prone skin?","உங்களுக்கு உணர்திறன் அல்லது ஒவ்வாமை ஏற்படக்கூடிய தோல் உள்ளதா?",Backend,"src/scripts/survey-data-complete.json"
661,"Survey 14 - beauty-skincare-product-trial","Question 6 - Option","Yes","ஆம்",Backend,"src/scripts/survey-data-complete.json"
662,"Survey 14 - beauty-skincare-product-trial","Question 6 - Option","No","இல்லை",Backend,"src/scripts/survey-data-complete.json"
663,"Survey 15 - small-business-digital-transformation","Question 1","Do you own or manage a small business?","நீங்கள் சிறு வணிகத்தை சொந்தமாக வைத்திருக்கிறீர்களா அல்லது நிர்வகிக்கிறீர்களா?",Backend,"src/scripts/survey-data-complete.json"
664,"Survey 15 - small-business-digital-transformation","Question 1 - Option","Yes","ஆம்",Backend,"src/scripts/survey-data-complete.json"
665,"Survey 15 - small-business-digital-transformation","Question 1 - Option","No","இல்லை",Backend,"src/scripts/survey-data-complete.json"
666,"Survey 15 - small-business-digital-transformation","Question 2","How many employees does your business have?","உங்கள் வணிகத்தில் எத்தனை ஊழியர்கள் உள்ளனர்?",Backend,"src/scripts/survey-data-complete.json"
667,"Survey 15 - small-business-digital-transformation","Question 2 - Option","1-5","1-5",Backend,"src/scripts/survey-data-complete.json"
668,"Survey 15 - small-business-digital-transformation","Question 2 - Option","6-10","6-10",Backend,"src/scripts/survey-data-complete.json"
669,"Survey 15 - small-business-digital-transformation","Question 2 - Option","11-20","11-20",Backend,"src/scripts/survey-data-complete.json"
670,"Survey 15 - small-business-digital-transformation","Question 2 - Option","21-50","21-50",Backend,"src/scripts/survey-data-complete.json"
671,"Survey 15 - small-business-digital-transformation","Question 2 - Option","More than 50","50க்கும் மேல்",Backend,"src/scripts/survey-data-complete.json"
672,"Survey 15 - small-business-digital-transformation","Question 3","Do you use digital tools for business operations?","வணிக செயல்பாடுகளுக்கு டிஜிட்டல் கருவிகளை பயன்படுத்துகிறீர்களா?",Backend,"src/scripts/survey-data-complete.json"
673,"Survey 15 - small-business-digital-transformation","Question 3 - Option","Yes","ஆம்",Backend,"src/scripts/survey-data-complete.json"
674,"Survey 15 - small-business-digital-transformation","Question 3 - Option","No","இல்லை",Backend,"src/scripts/survey-data-complete.json"
675,"Survey 15 - small-business-digital-transformation","Question 4","Did you adopt any new digital tool last year?","கடந்த ஆண்டு ஏதேனும் புதிய டிஜிட்டல் கருவியை ஏற்றுக்கொண்டீர்களா?",Backend,"src/scripts/survey-data-complete.json"
676,"Survey 15 - small-business-digital-transformation","Question 4 - Option","Yes","ஆம்",Backend,"src/scripts/survey-data-complete.json"
677,"Survey 15 - small-business-digital-transformation","Question 4 - Option","No","இல்லை",Backend,"src/scripts/survey-data-complete.json"
678,"Survey 15 - small-business-digital-transformation","Question 5","What is your digital tools budget monthly? (INR)","உங்கள் டிஜிட்டல் கருவிகள் பட்ஜெட் மாதாந்திரம் என்ன (ரூபாயில்)?",Backend,"src/scripts/survey-data-complete.json"
679,"Survey 15 - small-business-digital-transformation","Question 5 - Option","Under 1,000","1,000க்கும் குறைவாக",Backend,"src/scripts/survey-data-complete.json"
680,"Survey 15 - small-business-digital-transformation","Question 5 - Option","1,000-5,000","1,000-5,000",Backend,"src/scripts/survey-data-complete.json"
681,"Survey 15 - small-business-digital-transformation","Question 5 - Option","5,000-10,000","5,000-10,000",Backend,"src/scripts/survey-data-complete.json"
682,"Survey 15 - small-business-digital-transformation","Question 5 - Option","10,000-25,000","10,000-25,000",Backend,"src/scripts/survey-data-complete.json"
683,"Survey 15 - small-business-digital-transformation","Question 5 - Option","Above 25,000","25,000க்கும் மேல்",Backend,"src/scripts/survey-data-complete.json"
684,"Survey 15 - small-business-digital-transformation","Question 6","Are you planning to upgrade your business digital systems?","உங்கள் வணிக டிஜிட்டல் அமைப்புகளை மேம்படுத்த திட்டமிட்டுள்ளீர்களா?",Backend,"src/scripts/survey-data-complete.json"
685,"Survey 15 - small-business-digital-transformation","Question 6 - Option","Yes","ஆம்",Backend,"src/scripts/survey-data-complete.json"
686,"Survey 15 - small-business-digital-transformation","Question 6 - Option","No","இல்லை",Backend,"src/scripts/survey-data-complete.json"
687,"Survey 16 - luxury-brand-perception-study","Question 1","Do you purchase luxury products at least once per year?","ஆண்டுக்கு குறைந்தபட்சம் ஒருமுறை ஆடம்பர தயாரிப்புகளை வாங்குகிறீர்களா?",Backend,"src/scripts/survey-data-complete.json"
688,"Survey 16 - luxury-brand-perception-study","Question 1 - Option","Yes","ஆம்",Backend,"src/scripts/survey-data-complete.json"
689,"Survey 16 - luxury-brand-perception-study","Question 1 - Option","No","இல்லை",Backend,"src/scripts/survey-data-complete.json"
690,"Survey 16 - luxury-brand-perception-study","Question 2","Which luxury categories interest you?","எந்த ஆடம்பர வகைகள் உங்களுக்கு ஆர்வமாக உள்ளன?",Backend,"src/scripts/survey-data-complete.json"
691,"Survey 16 - luxury-brand-perception-study","Question 2 - Option","Fashion","ஃபேஷன்",Backend,"src/scripts/survey-data-complete.json"
692,"Survey 16 - luxury-brand-perception-study","Question 2 - Option","Watches","கைக்கடிகாரங்கள்",Backend,"src/scripts/survey-data-complete.json"
693,"Survey 16 - luxury-brand-perception-study","Question 2 - Option","Automotive","வாகனம்",Backend,"src/scripts/survey-data-complete.json"
694,"Survey 16 - luxury-brand-perception-study","Question 2 - Option","Accessories","துணைப் பொருட்கள்",Backend,"src/scripts/survey-data-complete.json"
695,"Survey 16 - luxury-brand-perception-study","Question 2 - Option","Fragrances","வாசனை திரவியங்கள்",Backend,"src/scripts/survey-data-complete.json"
696,"Survey 16 - luxury-brand-perception-study","Question 3","What is your typical luxury spending budget? (INR)","உங்கள் வழக்கமான ஆடம்பர செலவு பட்ஜெட் என்ன (ரூபாயில்)?",Backend,"src/scripts/survey-data-complete.json"
697,"Survey 16 - luxury-brand-perception-study","Question 3 - Option","Under 10,000","10,000க்கும் குறைவாக",Backend,"src/scripts/survey-data-complete.json"
698,"Survey 16 - luxury-brand-perception-study","Question 3 - Option","10,000-50,000","10,000-50,000",Backend,"src/scripts/survey-data-complete.json"
699,"Survey 16 - luxury-brand-perception-study","Question 3 - Option","50,000-1,00,000","50,000-1,00,000",Backend,"src/scripts/survey-data-complete.json"
700,"Survey 16 - luxury-brand-perception-study","Question 3 - Option","1,00,000-5,00,000","1,00,000-5,00,000",Backend,"src/scripts/survey-data-complete.json"
701,"Survey 16 - luxury-brand-perception-study","Question 3 - Option","Above 5,00,000","5,00,000க்கும் மேல்",Backend,"src/scripts/survey-data-complete.json"
702,"Survey 16 - luxury-brand-perception-study","Question 4","Are you familiar with international luxury brands?","சர்வதேச ஆடம்பர பிராண்டுகளை பற்றி அறிவீர்களா?",Backend,"src/scripts/survey-data-complete.json"
703,"Survey 16 - luxury-brand-perception-study","Question 4 - Option","Yes","ஆம்",Backend,"src/scripts/survey-data-complete.json"
704,"Survey 16 - luxury-brand-perception-study","Question 4 - Option","No","இல்லை",Backend,"src/scripts/survey-data-complete.json"
705,"Survey 16 - luxury-brand-perception-study","Question 5","Do you follow luxury content on social media?","சமூக ஊடகத்தில் ஆடம்பர உள்ளடக்கத்தை பின்பற்றுகிறீர்களா?",Backend,"src/scripts/survey-data-complete.json"
706,"Survey 16 - luxury-brand-perception-study","Question 5 - Option","Yes","ஆம்",Backend,"src/scripts/survey-data-complete.json"
707,"Survey 16 - luxury-brand-perception-study","Question 5 - Option","No","இல்லை",Backend,"src/scripts/survey-data-complete.json"
708,"Survey 16 - luxury-brand-perception-study","Question 6","Have you purchased any luxury item in the last 18 months?","கடந்த 18 மாதங்களில் ஏதேனும் ஆடம்பர பொருளை வாங்கியுள்ளீர்களா?",Backend,"src/scripts/survey-data-complete.json"
709,"Survey 16 - luxury-brand-perception-study","Question 6 - Option","Yes","ஆம்",Backend,"src/scripts/survey-data-complete.json"
710,"Survey 16 - luxury-brand-perception-study","Question 6 - Option","No","இல்லை",Backend,"src/scripts/survey-data-complete.json"
711,"Survey 17 - healthcare-app-usage-behaviour","Question 1","Do you use any healthcare or fitness app?","ஏதேனும் சுகாதார அல்லது உடற்பயிற்சி பயன்பாட்டை பயன்படுத்துகிறீர்களா?",Backend,"src/scripts/survey-data-complete.json"
712,"Survey 17 - healthcare-app-usage-behaviour","Question 1 - Option","Yes","ஆம்",Backend,"src/scripts/survey-data-complete.json"
713,"Survey 17 - healthcare-app-usage-behaviour","Question 1 - Option","No","இல்லை",Backend,"src/scripts/survey-data-complete.json"
714,"Survey 17 - healthcare-app-usage-behaviour","Question 2","How many times per week do you track health metrics?","வாரத்திற்கு எத்தனை முறை சுகாதார அளவீடுகளை கண்காணிக்கிறீர்கள்?",Backend,"src/scripts/survey-data-complete.json"
715,"Survey 17 - healthcare-app-usage-behaviour","Question 2 - Option","1","1",Backend,"src/scripts/survey-data-complete.json"
716,"Survey 17 - healthcare-app-usage-behaviour","Question 2 - Option","2-5","2-5",Backend,"src/scripts/survey-data-complete.json"
717,"Survey 17 - healthcare-app-usage-behaviour","Question 2 - Option","6-10","6-10",Backend,"src/scripts/survey-data-complete.json"
718,"Survey 17 - healthcare-app-usage-behaviour","Question 2 - Option","More than 10","10க்கும் மேல்",Backend,"src/scripts/survey-data-complete.json"
719,"Survey 17 - healthcare-app-usage-behaviour","Question 3","Have you booked consultations or tests via an app?","ஒரு பயன்பாடு வழியாக ஆலோசனைகள் அல்லது சோதனைகளை பதிவு செய்துள்ளீர்களா?",Backend,"src/scripts/survey-data-complete.json"
720,"Survey 17 - healthcare-app-usage-behaviour","Question 3 - Option","Yes","ஆம்",Backend,"src/scripts/survey-data-complete.json"
721,"Survey 17 - healthcare-app-usage-behaviour","Question 3 - Option","No","இல்லை",Backend,"src/scripts/survey-data-complete.json"
722,"Survey 17 - healthcare-app-usage-behaviour","Question 4","Do you rely on digital reminders for health routines?","சுகாதார வழக்கங்களுக்கு டிஜிட்டல் நினைவூட்டல்களை நம்புகிறீர்களா?",Backend,"src/scripts/survey-data-complete.json"
723,"Survey 17 - healthcare-app-usage-behaviour","Question 4 - Option","Yes","ஆம்",Backend,"src/scripts/survey-data-complete.json"
724,"Survey 17 - healthcare-app-usage-behaviour","Question 4 - Option","No","இல்லை",Backend,"src/scripts/survey-data-complete.json"
725,"Survey 17 - healthcare-app-usage-behaviour","Question 5","Are you comfortable sharing your health data with apps?","உங்கள் சுகாதார தரவை பயன்பாடுகளுடன் பகிர்வது வசதியாக உள்ளதா?",Backend,"src/scripts/survey-data-complete.json"
726,"Survey 17 - healthcare-app-usage-behaviour","Question 5 - Option","Yes","ஆம்",Backend,"src/scripts/survey-data-complete.json"
727,"Survey 17 - healthcare-app-usage-behaviour","Question 5 - Option","No","இல்லை",Backend,"src/scripts/survey-data-complete.json"
728,"Survey 17 - healthcare-app-usage-behaviour","Question 6","Have you used a healthcare app in the last 30 days?","கடைசி 30 நாட்களில் சுகாதார பயன்பாட்டை பயன்படுத்தினீர்களா?",Backend,"src/scripts/survey-data-complete.json"
729,"Survey 17 - healthcare-app-usage-behaviour","Question 6 - Option","Yes","ஆம்",Backend,"src/scripts/survey-data-complete.json"
730,"Survey 17 - healthcare-app-usage-behaviour","Question 6 - Option","No","இல்லை",Backend,"src/scripts/survey-data-complete.json"
731,"Survey 18 - online-grocery-loyalty-programs","Question 1","Do you buy groceries online?","மளிகைகளை ஆன்லைனில் வாங்குகிறீர்களா?",Backend,"src/scripts/survey-data-complete.json"
732,"Survey 18 - online-grocery-loyalty-programs","Question 1 - Option","Yes","ஆம்",Backend,"src/scripts/survey-data-complete.json"
733,"Survey 18 - online-grocery-loyalty-programs","Question 1 - Option","No","இல்லை",Backend,"src/scripts/survey-data-complete.json"
734,"Survey 18 - online-grocery-loyalty-programs","Question 2","Are you part of any grocery loyalty program?","ஏதேனும் மளிகை ஆதரவு திட்டத்தின் ஒரு பகுதியாக இருக்கிறீர்களா?",Backend,"src/scripts/survey-data-complete.json"
735,"Survey 18 - online-grocery-loyalty-programs","Question 2 - Option","Yes","ஆம்",Backend,"src/scripts/survey-data-complete.json"
736,"Survey 18 - online-grocery-loyalty-programs","Question 2 - Option","No","இல்லை",Backend,"src/scripts/survey-data-complete.json"
737,"Survey 18 - online-grocery-loyalty-programs","Question 3","How many online grocery orders do you place monthly?","மாதாந்திரம் எத்தனை ஆன்லைன் மளிகை ஆர்டர்களை வைக்கிறீர்கள்?",Backend,"src/scripts/survey-data-complete.json"
738,"Survey 18 - online-grocery-loyalty-programs","Question 3 - Option","1-2","1-2",Backend,"src/scripts/survey-data-complete.json"
739,"Survey 18 - online-grocery-loyalty-programs","Question 3 - Option","3-5","3-5",Backend,"src/scripts/survey-data-complete.json"
740,"Survey 18 - online-grocery-loyalty-programs","Question 3 - Option","6-10","6-10",Backend,"src/scripts/survey-data-complete.json"
741,"Survey 18 - online-grocery-loyalty-programs","Question 3 - Option","More than 10","10க்கும் மேல்",Backend,"src/scripts/survey-data-complete.json"
742,"Survey 18 - online-grocery-loyalty-programs","Question 4","Have you received rewards/benefits from any loyalty program?","ஏதேனும் ஆதரவு திட்டத்திலிருந்து வெகுமதிகள்/நலன்களை பெற்றுள்ளீர்களா?",Backend,"src/scripts/survey-data-complete.json"
743,"Survey 18 - online-grocery-loyalty-programs","Question 4 - Option","Yes","ஆம்",Backend,"src/scripts/survey-data-complete.json"
744,"Survey 18 - online-grocery-loyalty-programs","Question 4 - Option","No","இல்லை",Backend,"src/scripts/survey-data-complete.json"
745,"Survey 18 - online-grocery-loyalty-programs","Question 5","What is your typical online grocery spend? (INR)","உங்கள் வழக்கமான ஆன்லைன் மளிகை செலவு என்ன (ரூபாயில்)?",Backend,"src/scripts/survey-data-complete.json"
746,"Survey 18 - online-grocery-loyalty-programs","Question 5 - Option","500-1000","500-1000",Backend,"src/scripts/survey-data-complete.json"
747,"Survey 18 - online-grocery-loyalty-programs","Question 5 - Option","1000-2000","1000-2000",Backend,"src/scripts/survey-data-complete.json"
748,"Survey 18 - online-grocery-loyalty-programs","Question 5 - Option","2000-5000","2000-5000",Backend,"src/scripts/survey-data-complete.json"
749,"Survey 18 - online-grocery-loyalty-programs","Question 5 - Option","5000-10,000","5000-10,000",Backend,"src/scripts/survey-data-complete.json"
750,"Survey 18 - online-grocery-loyalty-programs","Question 5 - Option","More than 10,000","10,000க்கும் மேல்",Backend,"src/scripts/survey-data-complete.json"
751,"Survey 18 - online-grocery-loyalty-programs","Question 6","Do discounts influence your grocery platform choice?","தள்ளுபடிகள் உங்கள் மளிகை தள தேர்வை பாதிக்கின்றனவா?",Backend,"src/scripts/survey-data-complete.json"
752,"Survey 18 - online-grocery-loyalty-programs","Question 6 - Option","Yes","ஆம்",Backend,"src/scripts/survey-data-complete.json"
753,"Survey 18 - online-grocery-loyalty-programs","Question 6 - Option","No","இல்லை",Backend,"src/scripts/survey-data-complete.json"
754,"Survey 19 - ev-charging-station-preferences","Question 1","Do you own an electric vehicle?","உங்களிடம் மின்சார வாகனம் உள்ளதா?",Backend,"src/scripts/survey-data-complete.json"
755,"Survey 19 - ev-charging-station-preferences","Question 1 - Option","Yes","ஆம்",Backend,"src/scripts/survey-data-complete.json"
756,"Survey 19 - ev-charging-station-preferences","Question 1 - Option","No","இல்லை",Backend,"src/scripts/survey-data-complete.json"
757,"Survey 19 - ev-charging-station-preferences","Question 2","How many times do you charge your EV outside home per month?","மாதத்திற்கு எத்தனை முறை வீட்டிற்கு வெளியே உங்கள் EV ஐ சார்ஜ் செய்கிறீர்கள்?",Backend,"src/scripts/survey-data-complete.json"
758,"Survey 19 - ev-charging-station-preferences","Question 2 - Option","1-2 times","1-2 முறை",Backend,"src/scripts/survey-data-complete.json"
759,"Survey 19 - ev-charging-station-preferences","Question 2 - Option","3-5 times","3-5 முறை",Backend,"src/scripts/survey-data-complete.json"
760,"Survey 19 - ev-charging-station-preferences","Question 2 - Option","6-10 times","6-10 முறை",Backend,"src/scripts/survey-data-complete.json"
761,"Survey 19 - ev-charging-station-preferences","Question 2 - Option","More than 10 times","10 முறைக்கும் மேல்",Backend,"src/scripts/survey-data-complete.json"
762,"Survey 19 - ev-charging-station-preferences","Question 3","Have you used a public charging station recently?","சமீபத்தில் பொது சார்ஜிங் நிலையத்தை பயன்படுத்தினீர்களா?",Backend,"src/scripts/survey-data-complete.json"
763,"Survey 19 - ev-charging-station-preferences","Question 3 - Option","Yes","ஆம்",Backend,"src/scripts/survey-data-complete.json"
764,"Survey 19 - ev-charging-station-preferences","Question 3 - Option","No","இல்லை",Backend,"src/scripts/survey-data-complete.json"
765,"Survey 19 - ev-charging-station-preferences","Question 4","Where do you prefer charging your EV?","உங்கள் EV ஐ எங்கே சார்ஜ் செய்ய விரும்புகிறீர்கள்?",Backend,"src/scripts/survey-data-complete.json"
766,"Survey 19 - ev-charging-station-preferences","Question 4 - Option","Home","வீடு",Backend,"src/scripts/survey-data-complete.json"
767,"Survey 19 - ev-charging-station-preferences","Question 4 - Option","Workplace","பணியிடம்",Backend,"src/scripts/survey-data-complete.json"
768,"Survey 19 - ev-charging-station-preferences","Question 4 - Option","Public station","பொது நிலையம்",Backend,"src/scripts/survey-data-complete.json"
769,"Survey 19 - ev-charging-station-preferences","Question 5","Does fast-charging influence your station preference?","வேகமான சார்ஜிங் உங்கள் நிலைய விருப்பத்தை பாதிக்கிறதா?",Backend,"src/scripts/survey-data-complete.json"
770,"Survey 19 - ev-charging-station-preferences","Question 5 - Option","Yes","ஆம்",Backend,"src/scripts/survey-data-complete.json"
771,"Survey 19 - ev-charging-station-preferences","Question 5 - Option","No","இல்லை",Backend,"src/scripts/survey-data-complete.json"
772,"Survey 19 - ev-charging-station-preferences","Question 6","Do you use any EV charging mobile app?","ஏதேனும் EV சார்ஜிங் மொபைல் பயன்பாட்டை பயன்படுத்துகிறீர்களா?",Backend,"src/scripts/survey-data-complete.json"
773,"Survey 19 - ev-charging-station-preferences","Question 6 - Option","Yes","ஆம்",Backend,"src/scripts/survey-data-complete.json"
774,"Survey 19 - ev-charging-station-preferences","Question 6 - Option","No","இல்லை",Backend,"src/scripts/survey-data-complete.json"
775,"Survey 20 - social-media-ad-recall-study","Question 1","Do you use social media daily?","சமூக ஊடகத்தை தினசரி பயன்படுத்துகிறீர்களா?",Backend,"src/scripts/survey-data-complete.json"
776,"Survey 20 - social-media-ad-recall-study","Question 1 - Option","Yes","ஆம்",Backend,"src/scripts/survey-data-complete.json"
777,"Survey 20 - social-media-ad-recall-study","Question 1 - Option","No","இல்லை",Backend,"src/scripts/survey-data-complete.json"
778,"Survey 20 - social-media-ad-recall-study","Question 2","Which social media platforms do you actively use?","எந்த சமூக ஊடக தளங்களை தீவிரமாக பயன்படுத்துகிறீர்கள்?",Backend,"src/scripts/survey-data-complete.json"
779,"Survey 20 - social-media-ad-recall-study","Question 2 - Option","Instagram","இன்ஸ்டாகிராம்",Backend,"src/scripts/survey-data-complete.json"
780,"Survey 20 - social-media-ad-recall-study","Question 2 - Option","YouTube","யூடியூப்",Backend,"src/scripts/survey-data-complete.json"
781,"Survey 20 - social-media-ad-recall-study","Question 2 - Option","Facebook","ஃபேஸ்புக்",Backend,"src/scripts/survey-data-complete.json"
782,"Survey 20 - social-media-ad-recall-study","Question 2 - Option","Twitter/X","ட்விட்டர்/எக்ஸ்",Backend,"src/scripts/survey-data-complete.json"
783,"Survey 20 - social-media-ad-recall-study","Question 2 - Option","Snapchat","ஸ்னாப்சாட்",Backend,"src/scripts/survey-data-complete.json"
784,"Survey 20 - social-media-ad-recall-study","Question 2 - Option","Other","மற்றவை",Backend,"src/scripts/survey-data-complete.json"
785,"Survey 20 - social-media-ad-recall-study","Question 3","Do you pay attention to ads while scrolling?","ஸ்க்ரோல் செய்யும் போது விளம்பரங்களை கவனிக்கிறீர்களா?",Backend,"src/scripts/survey-data-complete.json"
786,"Survey 20 - social-media-ad-recall-study","Question 3 - Option","Yes","ஆம்",Backend,"src/scripts/survey-data-complete.json"
787,"Survey 20 - social-media-ad-recall-study","Question 3 - Option","No","இல்லை",Backend,"src/scripts/survey-data-complete.json"
788,"Survey 20 - social-media-ad-recall-study","Question 4","Have you interacted with a social media ad recently?","சமீபத்தில் சமூக ஊடக விளம்பரத்துடன் தொடர்பு கொண்டீர்களா?",Backend,"src/scripts/survey-data-complete.json"
789,"Survey 20 - social-media-ad-recall-study","Question 4 - Option","Yes","ஆம்",Backend,"src/scripts/survey-data-complete.json"
790,"Survey 20 - social-media-ad-recall-study","Question 4 - Option","No","இல்லை",Backend,"src/scripts/survey-data-complete.json"
791,"Survey 20 - social-media-ad-recall-study","Question 5","Did you notice any ads in the last 48 hours?","கடைசி 48 மணி நேரத்தில் ஏதேனும் விளம்பரங்களை கவனித்தீர்களா?",Backend,"src/scripts/survey-data-complete.json"
792,"Survey 20 - social-media-ad-recall-study","Question 5 - Option","Yes","ஆம்",Backend,"src/scripts/survey-data-complete.json"
793,"Survey 20 - social-media-ad-recall-study","Question 5 - Option","No","இல்லை",Backend,"src/scripts/survey-data-complete.json"
794,"Survey 20 - social-media-ad-recall-study","Question 6","Have you purchased something based on a social media ad?","சமூக ஊடக விளம்பரத்தின் அடிப்படையில் ஏதாவது வாங்கியுள்ளீர்களா?",Backend,"src/scripts/survey-data-complete.json"
795,"Survey 20 - social-media-ad-recall-study","Question 6 - Option","Yes","ஆம்",Backend,"src/scripts/survey-data-complete.json"
796,"Survey 20 - social-media-ad-recall-study","Question 6 - Option","No","இல்லை",Backend,"src/scripts/survey-data-complete.json"